"","V1","V2","V3","V4","V5","V6","V7","V8","V9","V10","V11","V12","V13","V14","V15","V16","V17","V18","V19","V20"
"1","KACE-1-0-G_r2i1p1f1","MRI-ESM2-0_r6i1p1f1","CMCC-CM2-SR5_r3i1p2f1","CMCC-CM2-SR5_r4i1p2f1","CMCC-CM2-SR5_r5i1p2f1","NorCPM1_r9i1p1f1","GISS-E2-1-G_r7i1p1f2","CESM2-WACCM_r1i1p1f1","CMCC-CM2-SR5_r6i1p2f1","CNRM-ESM2-1_r1i1p1f2","EC-Earth3_r21i1p1f1","IPSL-CM6A-LR_r17i1p1f1","KACE-1-0-G_r3i1p1f1","NorESM2-LM_r2i1p1f1","IPSL-CM6A-LR_r19i1p1f1","CanESM5_r18i1p1f1","MPI-ESM1-2-LR_r7i1p1f1","MIROC6_r16i1p1f1","MPI-ESM1-2-HR_r9i1p1f1","CNRM-CM6-1_r1i1p1f2"
"2","MPI-ESM1-2-HR_r9i1p1f1","CanESM5_r24i1p1f1","KACE-1-0-G_r2i1p1f1","CMCC-CM2-SR5_r5i1p2f1","NorCPM1_r3i1p1f1","CanESM5_r30i1p2f1","CAMS-CSM1-0_r1i1p1f1","CanESM5_r4i1p1f1","NorCPM1_r24i1p1f1","CNRM-CM6-1_r26i1p1f2","MPI-ESM1-2-LR_r7i1p1f1","IPSL-CM6A-LR_r17i1p1f1","CanESM5_r13i1p2f1","CanESM5_r5i1p2f1","CanESM5_r10i1p2f1","HadGEM3-GC31-MM_r3i1p1f3","CanESM5_r25i1p2f1","NorCPM1_r1i1p1f1","NESM3_r4i1p1f1","MPI-ESM1-2-LR_r9i1p1f1"
"3","CNRM-CM6-1_r28i1p1f2","IPSL-CM6A-LR_r24i1p1f1","IPSL-CM6A-LR_r22i1p1f1","MPI-ESM1-2-HR_r8i1p1f1","MIROC6_r2i1p1f1","MRI-ESM2-0_r4i1p1f1","MIROC6_r20i1p1f1","EC-Earth3_r16i1p1f1","CanESM5_r13i1p1f1","CNRM-CM6-1_r5i1p1f2","CNRM-CM6-1_r1i1p1f2","GISS-E2-1-G_r9i1p1f2","CNRM-CM6-1_r6i1p1f2","MRI-ESM2-0_r6i1p1f1","CanESM5_r5i1p1f1","CanESM5_r16i1p2f1","NorCPM1_r19i1p1f1","CanESM5_r12i1p2f1","NESM3_r5i1p1f1","HadGEM3-GC31-MM_r3i1p1f3"
"4","KACE-1-0-G_r2i1p1f1","NESM3_r5i1p1f1","MRI-ESM2-0_r4i1p1f1","HadGEM3-GC31-MM_r3i1p1f3","MPI-ESM1-2-HR_r9i1p1f1","CanESM5_r24i1p1f1","CAMS-CSM1-0_r1i1p1f1","CanESM5_r7i1p1f1","MRI-ESM2-0_r7i1p1f1","CNRM-CM6-1_r22i1p1f2","CNRM-CM6-1_r16i1p1f2","CNRM-CM6-1_r1i1p1f2","MRI-ESM2-0_r6i1p1f1","CanESM5_r20i1p2f1","CanESM5_r15i1p1f1","CMCC-CM2-SR5_r5i1p2f1","IPSL-CM6A-LR_r12i1p1f1","CNRM-CM6-1_r4i1p1f2","IPSL-CM6A-LR_r22i1p1f1","EC-Earth3_r22i1p1f1"
"5","MPI-ESM1-2-HR_r9i1p1f1","NESM3_r4i1p1f1","CanESM5_r17i1p1f1","NorCPM1_r1i1p1f1","NorCPM1_r3i1p1f1","CanESM5_r38i1p2f1","CanESM5_r10i1p2f1","CanESM5_r4i1p1f1","IPSL-CM6A-LR_r17i1p1f1","CanESM5_r30i1p2f1","NorCPM1_r24i1p1f1","CanESM5_r5i1p2f1","CanESM5_r3i1p2f1","IPSL-CM6A-LR_r32i1p1f1","CMCC-CM2-SR5_r5i1p2f1","CanESM5_r24i1p1f1","CanESM5_r14i1p2f1","IPSL-CM6A-LR_r26i1p1f1","MRI-ESM2-0_r6i1p1f1","KACE-1-0-G_r2i1p1f1"
"6","FGOALS-g3_r1i1p1f1","CanESM5_r31i1p2f1","GISS-E2-1-G_r4i1p1f2","CMCC-CM2-SR5_r3i1p2f1","CMCC-CM2-SR5_r4i1p2f1","KACE-1-0-G_r2i1p1f1","CNRM-ESM2-1_r1i1p1f2","MRI-ESM2-0_r6i1p1f1","IPSL-CM6A-LR_r22i1p1f1","NorCPM1_r8i1p1f1","KACE-1-0-G_r3i1p1f1","MIROC6_r47i1p1f1","NorESM2-LM_r1i1p1f1","CanESM5_r23i1p1f1","CanESM5_r39i1p2f1","GISS-E2-1-G_r7i1p1f2","MIROC6_r3i1p1f1","HadGEM3-GC31-MM_r3i1p1f3","MIROC6_r14i1p1f1","MPI-ESM1-2-LR_r3i1p1f1"
"7","KACE-1-0-G_r2i1p1f1","MPI-ESM1-2-HR_r9i1p1f1","MRI-ESM2-0_r6i1p1f1","NESM3_r5i1p1f1","IPSL-CM6A-LR_r26i1p1f1","CanESM5_r10i1p2f1","CNRM-CM6-1_r26i1p1f2","CMCC-CM2-SR5_r5i1p2f1","IPSL-CM6A-LR_r12i1p1f1","CanESM5_r7i1p1f1","CanESM5_r5i1p2f1","EC-Earth3_r15i1p1f1","CanESM5_r14i1p2f1","NESM3_r4i1p1f1","IPSL-CM6A-LR_r17i1p1f1","CNRM-CM6-1_r16i1p1f2","CanESM5_r38i1p2f1","CanESM5_r17i1p1f1","MPI-ESM1-2-LR_r7i1p1f1","NESM3_r3i1p1f1"
"8","IPSL-CM6A-LR_r17i1p1f1","MRI-ESM2-0_r6i1p1f1","EC-Earth3_r21i1p1f1","CMCC-CM2-SR5_r5i1p2f1","CNRM-ESM2-1_r1i1p1f2","IPSL-CM6A-LR_r12i1p1f1","EC-Earth3_r14i1p1f1","CNRM-CM6-1_r26i1p1f2","EC-Earth3_r16i1p1f1","KACE-1-0-G_r2i1p1f1","MPI-ESM1-2-HR_r9i1p1f1","IPSL-CM6A-LR_r22i1p1f1","MIROC6_r16i1p1f1","CMCC-CM2-SR5_r3i1p2f1","CMCC-CM2-SR5_r4i1p2f1","IPSL-CM6A-LR_r26i1p1f1","CNRM-CM6-1_r1i1p1f2","MIROC-ES2L_r23i1p1f2","CNRM-CM6-1_r6i1p1f2","MIROC6_r9i1p1f1"
"9","MRI-ESM2-0_r4i1p1f1","MIROC6_r2i1p1f1","CNRM-CM6-1_r28i1p1f2","KACE-1-0-G_r2i1p1f1","HadGEM3-GC31-MM_r3i1p1f3","CanESM5_r27i1p2f1","NorCPM1_r3i1p1f1","MIROC6_r20i1p1f1","NESM3_r5i1p1f1","FGOALS-f3-L_r3i1p1f1","MIROC6_r1i1p1f1","CanESM5_r1i1p1f1","IPSL-CM6A-LR_r22i1p1f1","FIO-ESM-2-0_r3i1p1f1","GISS-E2-1-G_r4i1p1f2","CMCC-CM2-SR5_r3i1p2f1","CMCC-CM2-SR5_r4i1p2f1","NorESM2-LM_r2i1p1f1","MRI-ESM2-0_r7i1p1f1","MIROC6_r9i1p1f1"
"10","CMCC-CM2-SR5_r5i1p2f1","MRI-ESM2-0_r6i1p1f1","CanESM5_r7i1p1f1","NorESM2-LM_r2i1p1f1","HadGEM3-GC31-MM_r3i1p1f3","NESM3_r5i1p1f1","CanESM5_r15i1p1f1","CanESM5_r37i1p2f1","CanESM5_r10i1p2f1","EC-Earth3_r16i1p1f1","MPI-ESM1-2-HR_r9i1p1f1","CanESM5_r29i1p2f1","KACE-1-0-G_r2i1p1f1","IPSL-CM6A-LR_r12i1p1f1","ACCESS-CM2_r2i1p1f1","CanESM5_r39i1p2f1","CESM2-WACCM_r1i1p1f1","IPSL-CM6A-LR_r26i1p1f1","MPI-ESM1-2-HR_r1i1p1f1","CanESM5_r35i1p2f1"
"11","CNRM-CM6-1_r1i1p1f2","NorCPM1_r12i1p1f1","MRI-ESM2-0_r6i1p1f1","EC-Earth3_r16i1p1f1","CNRM-CM6-1_r14i1p1f2","EC-Earth3_r21i1p1f1","CNRM-CM6-1_r4i1p1f2","CNRM-ESM2-1_r1i1p1f2","IPSL-CM6A-LR_r6i1p1f1","MIROC6_r16i1p1f1","IPSL-CM6A-LR_r19i1p1f1","EC-Earth3_r14i1p1f1","MIROC6_r3i1p1f1","FGOALS-f3-L_r1i1p1f1","NorCPM1_r9i1p1f1","MIROC-ES2L_r9i1p1f2","KACE-1-0-G_r2i1p1f1","MPI-ESM1-2-LR_r10i1p1f1","CNRM-CM6-1_r25i1p1f2","CanESM5_r15i1p1f1"
"12","CanESM5_r3i1p2f1","MPI-ESM1-2-HR_r9i1p1f1","NESM3_r4i1p1f1","CanESM5_r17i1p1f1","CanESM5_r10i1p2f1","MRI-ESM2-0_r6i1p1f1","NorCPM1_r1i1p1f1","CMCC-CM2-SR5_r5i1p2f1","IPSL-CM6A-LR_r26i1p1f1","CanESM5_r30i1p2f1","CanESM5_r38i1p2f1","CanESM5_r4i1p1f1","EC-Earth3_r21i1p1f1","CanESM5_r14i1p2f1","NorCPM1_r3i1p1f1","EC-Earth3_r20i1p1f1","IPSL-CM6A-LR_r17i1p1f1","CanESM5_r5i1p2f1","CESM2-WACCM_r1i1p1f1","NorCPM1_r24i1p1f1"
"13","KACE-1-0-G_r2i1p1f1","EC-Earth3_r4i1p1f1","MRI-ESM2-0_r4i1p1f1","IPSL-CM6A-LR_r12i1p1f1","CNRM-CM6-1_r16i1p1f2","CNRM-CM6-1_r26i1p1f2","CNRM-CM6-1_r6i1p1f2","CNRM-ESM2-1_r2i1p1f2","NESM3_r5i1p1f1","EC-Earth3_r9i1p1f1","CNRM-CM6-1_r15i1p1f2","CNRM-ESM2-1_r1i1p1f2","EC-Earth3_r15i1p1f1","CNRM-CM6-1_r1i1p1f2","HadGEM3-GC31-MM_r3i1p1f3","IPSL-CM6A-LR_r17i1p1f1","CanESM5_r29i1p2f1","CanESM5_r13i1p2f1","EC-Earth3_r22i1p1f1","CMCC-CM2-SR5_r5i1p2f1"
"14","MRI-ESM2-0_r7i1p1f1","CNRM-CM6-1_r1i1p1f2","IPSL-CM6A-LR_r24i1p1f1","CNRM-CM6-1_r22i1p1f2","NorCPM1_r19i1p1f1","MPI-ESM1-2-LR_r1i1p1f1","CNRM-CM6-1_r4i1p1f2","CanESM5_r13i1p1f1","MRI-ESM2-0_r6i1p1f1","EC-Earth3_r16i1p1f1","CNRM-CM6-1_r28i1p1f2","CanESM5_r3i1p1f1","CESM2-WACCM_r3i1p1f1","CanESM5_r20i1p2f1","CanESM5_r24i1p1f1","CNRM-ESM2-1_r1i1p1f2","KACE-1-0-G_r3i1p1f1","CanESM5_r34i1p2f1","MIROC6_r7i1p1f1","MIROC6_r5i1p1f1"
"15","MPI-ESM1-2-HR_r8i1p1f1","MRI-ESM2-0_r7i1p1f1","CNRM-CM6-1_r1i1p1f2","CanESM5_r13i1p1f1","EC-Earth3_r4i1p1f1","IPSL-CM6A-LR_r10i1p1f1","CNRM-CM6-1_r4i1p1f2","CNRM-CM6-1_r5i1p1f2","CNRM-CM6-1_r9i1p1f2","FGOALS-g3_r1i1p1f1","IPSL-CM6A-LR_r31i1p1f1","IPSL-CM6A-LR_r19i1p1f1","MPI-ESM1-2-LR_r10i1p1f1","MPI-ESM1-2-LR_r3i1p1f1","CNRM-ESM2-1_r1i1p1f2","MIROC-ES2L_r7i1p1f2","EC-Earth3_r16i1p1f1","KACE-1-0-G_r3i1p1f1","IPSL-CM6A-LR_r21i1p1f1","KACE-1-0-G_r2i1p1f1"
"16","CanESM5_r17i1p1f1","CMCC-CM2-SR5_r5i1p2f1","CanESM5_r14i1p2f1","IPSL-CM6A-LR_r26i1p1f1","EC-Earth3_r21i1p1f1","MRI-ESM2-0_r6i1p1f1","MPI-ESM1-2-HR_r9i1p1f1","CanESM5_r10i1p2f1","CanESM5_r5i1p2f1","EC-Earth3_r15i1p1f1","IPSL-CM6A-LR_r17i1p1f1","CanESM5_r25i1p1f1","CanESM5_r38i1p2f1","NESM3_r4i1p1f1","MPI-ESM1-2-LR_r7i1p1f1","CNRM-CM6-1_r26i1p1f2","CanESM5_r30i1p2f1","CESM2-WACCM_r1i1p1f1","MIROC6_r9i1p1f1","MPI-ESM1-2-LR_r9i1p1f1"
"17","MRI-ESM2-0_r6i1p1f1","CNRM-ESM2-1_r1i1p1f2","CMCC-CM2-SR5_r5i1p2f1","EC-Earth3_r21i1p1f1","CNRM-CM6-1_r22i1p1f2","IPSL-CM6A-LR_r12i1p1f1","MIROC6_r16i1p1f1","KACE-1-0-G_r2i1p1f1","CanESM5_r29i1p2f1","CNRM-CM6-1_r26i1p1f2","HadGEM3-GC31-MM_r3i1p1f3","CNRM-CM6-1_r28i1p1f2","IPSL-CM6A-LR_r17i1p1f1","IPSL-CM6A-LR_r21i1p1f1","CNRM-CM6-1_r16i1p1f2","EC-Earth3_r9i1p1f1","EC-Earth3_r16i1p1f1","NESM3_r5i1p1f1","MPI-ESM1-2-HR_r9i1p1f1","MRI-ESM2-0_r7i1p1f1"
"18","CanESM5_r17i1p1f1","CanESM5_r38i1p2f1","NESM3_r4i1p1f1","NorCPM1_r1i1p1f1","MPI-ESM1-2-HR_r9i1p1f1","CanESM5_r3i1p2f1","CanESM5_r5i1p2f1","NorCPM1_r24i1p1f1","IPSL-CM6A-LR_r26i1p1f1","CanESM5_r10i1p2f1","CanESM5_r14i1p2f1","CanESM5_r30i1p2f1","MPI-ESM1-2-LR_r9i1p1f1","MIROC6_r18i1p1f1","IPSL-CM6A-LR_r32i1p1f1","CESM2-WACCM_r1i1p1f1","CMCC-CM2-SR5_r7i1p2f1","CMCC-CM2-SR5_r5i1p2f1","CanESM5_r4i1p1f1","CanESM5_r8i1p2f1"
"19","KACE-1-0-G_r2i1p1f1","MRI-ESM2-0_r6i1p1f1","CNRM-ESM2-1_r1i1p1f2","EC-Earth3_r9i1p1f1","IPSL-CM6A-LR_r19i1p1f1","MIROC6_r16i1p1f1","MRI-ESM2-0_r4i1p1f1","MPI-ESM1-2-LR_r10i1p1f1","IPSL-CM6A-LR_r7i1p1f1","MIROC6_r23i1p1f1","CMCC-CM2-SR5_r3i1p2f1","CMCC-CM2-SR5_r4i1p2f1","MRI-ESM2-0_r7i1p1f1","IPSL-CM6A-LR_r12i1p1f1","CNRM-CM6-1_r16i1p1f2","GISS-E2-1-G_r4i1p1f2","IPSL-CM6A-LR_r17i1p1f1","HadGEM3-GC31-MM_r3i1p1f3","CanESM5_r18i1p1f1","FGOALS-g3_r1i1p1f1"
"20","KACE-1-0-G_r2i1p1f1","MRI-ESM2-0_r6i1p1f1","CanESM5_r15i1p1f1","CanESM5_r18i1p1f1","MRI-ESM2-0_r7i1p1f1","CMCC-CM2-SR5_r5i1p2f1","HadGEM3-GC31-MM_r3i1p1f3","CMCC-CM2-SR5_r3i1p2f1","CMCC-CM2-SR5_r4i1p2f1","NorCPM1_r9i1p1f1","IPSL-CM6A-LR_r19i1p1f1","CanESM5_r7i1p1f1","MIROC6_r5i1p1f1","IPSL-CM6A-LR_r22i1p1f1","MIROC-ES2L_r6i1p1f2","MIROC6_r3i1p1f1","CanESM5_r1i1p1f1","CanESM5_r39i1p2f1","CanESM5_r26i1p2f1","MPI-ESM1-2-HR_r9i1p1f1"
"21","MIROC6_r20i1p1f1","MRI-ESM2-0_r4i1p1f1","MIROC6_r49i1p1f1","MIROC-ES2L_r12i1p1f2","NorCPM1_r21i1p1f1","MIROC-ES2L_r5i1p1f2","MIROC6_r43i1p1f1","CanESM5_r2i1p2f1","MPI-ESM1-2-LR_r4i1p1f1","NESM3_r5i1p1f1","CNRM-CM6-1_r10i1p1f2","BCC-CSM2-MR_r2i1p1f1","FGOALS-f3-L_r3i1p1f1","MIROC6_r24i1p1f1","MIROC6_r32i1p1f1","MIROC6_r19i1p1f1","MIROC6_r35i1p1f1","GISS-E2-1-G_r9i1p1f2","CNRM-CM6-1_r6i1p1f2","MIROC-ES2L_r15i1p1f2"
"22","NorESM2-LM_r3i1p1f1","CanESM5_r14i1p1f1","MIROC6_r33i1p1f1","EC-Earth3_r7i1p1f1","MIROC6_r39i1p1f1","MIROC6_r6i1p1f1","MIROC-ES2L_r19i1p1f2","MIROC6_r21i1p1f1","MIROC6_r10i1p1f1","CanESM5_r2i1p2f1","CNRM-CM6-1_r12i1p1f2","CanESM5_r12i1p1f1","NESM3_r1i1p1f1","MRI-ESM2-0_r4i1p1f1","NorCPM1_r27i1p1f1","MRI-ESM2-0_r7i1p1f1","MRI-ESM2-0_r3i1p1f1","NorCPM1_r19i1p1f1","MIROC6_r47i1p1f1","CanESM5_r20i1p1f1"
"23","CanESM5_r34i1p2f1","MIROC6_r5i1p1f1","ACCESS-CM2_r2i1p1f1","CanESM5_r16i1p2f1","CMCC-CM2-SR5_r5i1p2f1","MRI-ESM2-0_r6i1p1f1","HadGEM3-GC31-MM_r3i1p1f3","MIROC6_r11i1p1f1","NorCPM1_r19i1p1f1","MIROC6_r36i1p1f1","CanESM5_r20i1p2f1","MIROC-ES2L_r6i1p1f2","IPSL-CM6A-LR_r31i1p1f1","EC-Earth3_r16i1p1f1","IPSL-CM6A-LR_r22i1p1f1","CanESM5_r32i1p2f1","MIROC6_r2i1p1f1","MIROC6_r50i1p1f1","MIROC6_r1i1p1f1","GISS-E2-1-G_r11i1p1f2"
"24","CMCC-CM2-SR5_r3i1p2f1","CMCC-CM2-SR5_r4i1p2f1","CMCC-CM2-SR5_r5i1p2f1","MRI-ESM2-0_r8i1p1f1","CESM2-WACCM_r1i1p1f1","NorESM2-LM_r2i1p1f1","CanESM5_r24i1p2f1","NESM3_r3i1p1f1","MPI-ESM1-2-HR_r9i1p1f1","MRI-ESM2-0_r6i1p1f1","EC-Earth3_r16i1p1f1","IPSL-CM6A-LR_r27i1p1f1","IPSL-CM6A-LR_r18i1p1f1","CMCC-CM2-SR5_r11i1p2f1","EC-Earth3_r21i1p1f1","MRI-ESM2-0_r5i1p1f1","MIROC6_r16i1p1f1","IPSL-CM6A-LR_r12i1p1f1","EC-Earth3_r6i1p1f1","CNRM-CM6-1_r3i1p1f2"
"25","GISS-E2-1-G_r3i1p1f2","MIROC6_r43i1p1f1","CanESM5_r17i1p1f1","MIROC6_r48i1p1f1","MIROC-ES2L_r27i1p1f2","IPSL-CM6A-LR_r32i1p1f1","CanESM5_r8i1p2f1","MIROC-ES2L_r12i1p1f2","MIROC-ES2L_r23i1p1f2","MPI-ESM1-2-HR_r9i1p1f1","MIROC6_r13i1p1f1","NorCPM1_r24i1p1f1","CMCC-CM2-SR5_r7i1p2f1","EC-Earth3_r15i1p1f1","MIROC-ES2L_r30i1p1f2","MIROC-ES2L_r15i1p1f2","IPSL-CM6A-LR_r4i1p1f1","CanESM5_r38i1p2f1","MIROC6_r1i1p1f1","IPSL-CM6A-LR_r26i1p1f1"
"26","CNRM-CM6-1_r11i1p1f2","CNRM-CM6-1_r10i1p1f2","CNRM-CM6-1_r3i1p1f2","CNRM-CM6-1_r2i1p1f2","MRI-ESM2-0_r9i1p1f1","NorCPM1_r10i1p1f1","CNRM-CM6-1_r23i1p1f2","NorESM2-LM_r2i1p1f1","MIROC-ES2L_r19i1p1f2","CNRM-CM6-1_r6i1p1f2","CanESM5_r13i1p1f1","MIROC6_r20i1p1f1","IPSL-CM6A-LR_r7i1p1f1","CNRM-CM6-1_r9i1p1f2","MIROC6_r24i1p1f1","FIO-ESM-2-0_r2i1p1f1","CanESM5_r6i1p2f1","MIROC6_r17i1p1f1","CNRM-ESM2-1_r1i1p1f2","CNRM-CM6-1_r26i1p1f2"
"27","MIROC6_r11i1p1f1","MIROC6_r3i1p1f1","CanESM5_r22i1p2f1","MIROC6_r47i1p1f1","MIROC6_r22i1p1f1","NorESM2-LM_r1i1p1f1","MIROC6_r14i1p1f1","GISS-E2-1-G_r2i1p1f2","CanESM5_r20i1p2f1","MIROC-ES2L_r6i1p1f2","MIROC6_r50i1p1f1","HadGEM3-GC31-MM_r3i1p1f3","MIROC-ES2L_r10i1p1f2","FGOALS-f3-L_r1i1p1f1","CanESM5_r18i1p2f1","MIROC6_r40i1p1f1","MIROC6_r26i1p1f1","CanESM5_r23i1p1f1","CanESM5_r34i1p2f1","NorCPM1_r19i1p1f1"
"28","GISS-E2-1-G_r2i1p1f2","CanESM5_r18i1p2f1","FIO-ESM-2-0_r2i1p1f1","CanESM5_r21i1p1f1","MIROC6_r11i1p1f1","NorESM2-LM_r1i1p1f1","CanESM5_r13i1p1f1","NorCPM1_r27i1p1f1","EC-Earth3_r24i1p1f1","MIROC6_r6i1p1f1","MIROC6_r22i1p1f1","CanESM5_r23i1p1f1","MIROC-ES2L_r7i1p1f2","MIROC6_r47i1p1f1","NorESM2-LM_r3i1p1f1","MRI-ESM2-0_r4i1p1f1","MPI-ESM1-2-HR_r8i1p1f1","MIROC6_r15i1p1f1","NorCPM1_r19i1p1f1","MIROC6_r3i1p1f1"
"29","MRI-ESM2-0_r6i1p1f1","CMCC-CM2-SR5_r5i1p2f1","NorCPM1_r17i1p1f1","CESM2-WACCM_r1i1p1f1","EC-Earth3_r21i1p1f1","NorCPM1_r26i1p1f1","CanESM5_r17i1p1f1","MIROC-ES2L_r23i1p1f2","CMCC-CM2-SR5_r3i1p2f1","CMCC-CM2-SR5_r4i1p2f1","MPI-ESM1-2-HR_r9i1p1f1","NorCPM1_r9i1p1f1","CanESM5_r30i1p2f1","MIROC6_r16i1p1f1","MIROC-ES2L_r13i1p1f2","CanESM5_r4i1p1f1","CanESM5_r25i1p1f1","NorCPM1_r23i1p1f1","MIROC6_r2i1p1f1","IPSL-CM6A-LR_r17i1p1f1"
"30","NorCPM1_r23i1p1f1","NorESM2-LM_r2i1p1f1","FGOALS-g3_r2i1p1f1","CESM2-WACCM_r1i1p1f1","MIROC6_r13i1p1f1","NorCPM1_r5i1p1f1","ACCESS-CM2_r3i1p1f1","CanESM5_r40i1p2f1","FIO-ESM-2-0_r3i1p1f1","MIROC6_r24i1p1f1","MIROC6_r20i1p1f1","CanESM5_r25i1p1f1","MIROC6_r8i1p1f1","MRI-ESM2-0_r5i1p1f1","GISS-E2-1-G_r3i1p1f2","EC-Earth3_r6i1p1f1","CNRM-CM6-1_r28i1p1f2","CanESM5_r5i1p1f1","CNRM-CM6-1_r17i1p1f2","NorCPM1_r30i1p1f1"
"31","MIROC6_r3i1p1f1","MIROC6_r50i1p1f1","MIROC-ES2L_r6i1p1f2","NorCPM1_r19i1p1f1","MRI-ESM2-0_r7i1p1f1","MIROC-ES2L_r2i1p1f2","FIO-ESM-2-0_r2i1p1f1","CanESM5_r23i1p1f1","MIROC6_r11i1p1f1","NorESM2-LM_r1i1p1f1","GISS-E2-1-G_r11i1p1f2","MIROC6_r47i1p1f1","CanESM5_r13i1p1f1","MIROC6_r26i1p1f1","MIROC6_r40i1p1f1","EC-Earth3_r12i1p1f1","CanESM5_r34i1p2f1","FGOALS-f3-L_r1i1p1f1","MIROC-ES2L_r9i1p1f2","IPSL-CM6A-LR_r28i1p1f1"
"32","MIROC6_r20i1p1f1","MRI-ESM2-0_r4i1p1f1","MIROC6_r49i1p1f1","MIROC-ES2L_r12i1p1f2","NorCPM1_r21i1p1f1","MIROC-ES2L_r5i1p1f2","MIROC6_r43i1p1f1","CanESM5_r2i1p2f1","MPI-ESM1-2-LR_r4i1p1f1","NESM3_r5i1p1f1","CNRM-CM6-1_r10i1p1f2","BCC-CSM2-MR_r2i1p1f1","FGOALS-f3-L_r3i1p1f1","MIROC6_r24i1p1f1","MIROC6_r32i1p1f1","MIROC6_r19i1p1f1","MIROC6_r35i1p1f1","GISS-E2-1-G_r9i1p1f2","CNRM-CM6-1_r6i1p1f2","MIROC-ES2L_r15i1p1f2"
"33","CMCC-CM2-SR5_r5i1p2f1","CESM2-WACCM_r1i1p1f1","MPI-ESM1-2-HR_r9i1p1f1","IPSL-CM6A-LR_r26i1p1f1","IPSL-CM6A-LR_r6i1p1f1","CanESM5_r17i1p1f1","CMCC-ESM2_r1i1p1f1","EC-Earth3_r15i1p1f1","CanESM5_r10i1p2f1","MRI-ESM2-0_r6i1p1f1","IPSL-CM6A-LR_r12i1p1f1","CNRM-CM6-1_r26i1p1f2","MPI-ESM1-2-LR_r7i1p1f1","MRI-ESM2-0_r5i1p1f1","MIROC6_r43i1p1f1","CNRM-CM6-1_r6i1p1f2","EC-Earth3_r21i1p1f1","NESM3_r3i1p1f1","CMCC-CM2-SR5_r3i1p2f1","CMCC-CM2-SR5_r4i1p2f1"
"34","IPSL-CM6A-LR_r32i1p1f1","MIROC6_r20i1p1f1","ACCESS-CM2_r2i1p1f1","MIROC-ES2L_r12i1p1f2","NorCPM1_r3i1p1f1","BCC-CSM2-MR_r2i1p1f1","GISS-E2-1-G_r3i1p1f2","CanESM5_r19i1p2f1","KACE-1-0-G_r2i1p1f1","MIROC-ES2L_r20i1p1f2","MPI-ESM1-2-HR_r9i1p1f1","HadGEM3-GC31-MM_r3i1p1f3","NorCPM1_r1i1p1f1","MRI-ESM2-0_r5i1p1f1","CNRM-CM6-1_r12i1p1f2","MRI-ESM2-0_r4i1p1f1","MIROC6_r1i1p1f1","NorCPM1_r24i1p1f1","NESM3_r5i1p1f1","IPSL-CM6A-LR_r30i1p1f1"
"35","MIROC-ES2L_r13i1p1f2","MIROC6_r2i1p1f1","HadGEM3-GC31-MM_r3i1p1f3","MIROC6_r36i1p1f1","NorCPM1_r11i1p1f1","MIROC6_r31i1p1f1","MIROC6_r12i1p1f1","MIROC6_r37i1p1f1","MIROC6_r7i1p1f1","MIROC6_r1i1p1f1","MIROC6_r33i1p1f1","CanESM5_r20i1p2f1","MIROC6_r50i1p1f1","ACCESS-CM2_r2i1p1f1","CMCC-CM2-SR5_r3i1p2f1","CMCC-CM2-SR5_r4i1p2f1","GISS-E2-1-G_r9i1p1f2","CanESM5_r16i1p2f1","BCC-CSM2-MR_r2i1p1f1","MRI-ESM2-0_r3i1p1f1"
"36","MPI-ESM1-2-LR_r10i1p1f1","MIROC6_r15i1p1f1","MIROC-ES2L_r19i1p1f2","MRI-ESM2-0_r7i1p1f1","NorCPM1_r12i1p1f1","MIROC-ES2L_r17i1p1f2","MIROC6_r22i1p1f1","MIROC6_r26i1p1f1","MIROC-ES2L_r11i1p1f2","FGOALS-f3-L_r1i1p1f1","MIROC6_r6i1p1f1","MIROC-ES2L_r22i1p1f2","MIROC-ES2L_r9i1p1f2","MIROC6_r44i1p1f1","EC-Earth3_r3i1p1f1","EC-Earth3_r12i1p1f1","CanESM5_r22i1p2f1","CanESM5_r8i1p1f1","CanESM5_r13i1p1f1","FGOALS-g3_r4i1p1f1"
"37","CESM2-WACCM_r1i1p1f1","MIROC6_r14i1p1f1","MIROC6_r16i1p1f1","CMCC-CM2-SR5_r5i1p2f1","MIROC6_r11i1p1f1","CanESM5_r32i1p2f1","GISS-E2-1-G_r11i1p1f2","MRI-ESM2-0_r10i1p1f1","HadGEM3-GC31-MM_r3i1p1f3","MIROC-ES2L_r24i1p1f2","NorCPM1_r9i1p1f1","CMCC-ESM2_r1i1p1f1","CanESM5_r16i1p2f1","MIROC6_r34i1p1f1","CMCC-CM2-SR5_r3i1p2f1","CMCC-CM2-SR5_r4i1p2f1","MRI-ESM2-0_r5i1p1f1","MRI-ESM2-0_r6i1p1f1","EC-Earth3_r21i1p1f1","IPSL-CM6A-LR_r2i1p1f1"
"38","MIROC6_r3i1p1f1","FGOALS-f3-L_r1i1p1f1","MIROC6_r47i1p1f1","CanESM5_r23i1p1f1","EC-Earth3_r12i1p1f1","GISS-E2-1-G_r2i1p1f2","MIROC6_r46i1p1f1","NorESM2-LM_r1i1p1f1","MIROC6_r26i1p1f1","MIROC6_r14i1p1f1","MIROC6_r10i1p1f1","MIROC-ES2L_r22i1p1f2","NorCPM1_r2i1p1f1","FGOALS-g3_r1i1p1f1","CanESM5_r22i1p2f1","MIROC6_r44i1p1f1","MIROC-ES2L_r6i1p1f2","FGOALS-g3_r4i1p1f1","MIROC6_r40i1p1f1","MIROC6_r21i1p1f1"
"39","NorESM2-LM_r3i1p1f1","MIROC6_r3i1p1f1","MIROC6_r47i1p1f1","EC-Earth3_r7i1p1f1","CanESM5_r13i1p1f1","NorCPM1_r19i1p1f1","CanESM5_r39i1p2f1","MIROC6_r38i1p1f1","IPSL-CM6A-LR_r14i1p1f1","MIROC6_r10i1p1f1","FGOALS-g3_r4i1p1f1","GISS-E2-1-G_r2i1p1f2","MIROC6_r50i1p1f1","IPSL-CM6A-LR_r11i1p1f1","MIROC6_r6i1p1f1","FGOALS-f3-L_r1i1p1f1","MRI-ESM2-0_r7i1p1f1","CanESM5_r15i1p1f1","IPSL-CM6A-LR_r28i1p1f1","GISS-E2-1-G_r10i1p1f2"
"40","MRI-ESM2-0_r9i1p1f1","GISS-E2-1-G_r6i1p1f2","CAMS-CSM1-0_r2i1p1f1","CNRM-CM6-1_r10i1p1f2","IPSL-CM6A-LR_r14i1p1f1","MIROC6_r49i1p1f1","CanESM5_r36i1p2f1","MIROC-ES2L_r26i1p1f2","NorCPM1_r20i1p1f1","CNRM-ESM2-1_r8i1p1f2","MIROC6_r44i1p1f1","MPI-ESM1-2-HR_r6i1p1f1","CNRM-CM6-1_r23i1p1f2","FIO-ESM-2-0_r2i1p1f1","EC-Earth3_r24i1p1f1","NorCPM1_r10i1p1f1","GISS-E2-1-G_r10i1p1f2","CNRM-CM6-1_r11i1p1f2","EC-Earth3_r18i1p1f1","MRI-ESM2-0_r1i1p1f1"
"41","CanESM5_r13i1p1f1","MIROC-ES2L_r9i1p1f2","MIROC6_r26i1p1f1","EC-Earth3_r14i1p1f1","MIROC6_r3i1p1f1","MIROC6_r22i1p1f1","MIROC-ES2L_r10i1p1f2","MPI-ESM1-2-LR_r10i1p1f1","IPSL-CM6A-LR_r28i1p1f1","MIROC6_r44i1p1f1","CanESM5_r22i1p2f1","CNRM-CM6-1_r25i1p1f2","CNRM-ESM2-1_r2i1p1f2","CNRM-CM6-1_r1i1p1f2","CNRM-ESM2-1_r1i1p1f2","EC-Earth3_r16i1p1f1","CanESM5_r29i1p2f1","EC-Earth3_r22i1p1f1","CNRM-CM6-1_r5i1p1f2","EC-Earth3_r12i1p1f1"
"42","EC-Earth3_r21i1p1f1","CNRM-ESM2-1_r1i1p1f2","EC-Earth3_r16i1p1f1","MIROC6_r16i1p1f1","IPSL-CM6A-LR_r10i1p1f1","MIROC-ES2L_r9i1p1f2","NorCPM1_r12i1p1f1","IPSL-CM6A-LR_r28i1p1f1","CNRM-CM6-1_r4i1p1f2","CNRM-CM6-1_r1i1p1f2","CMCC-CM2-SR5_r6i1p2f1","CanESM5_r31i1p2f1","IPSL-CM6A-LR_r6i1p1f1","ACCESS-CM2_r1i1p1f1","IPSL-CM6A-LR_r21i1p1f1","CNRM-CM6-1_r5i1p1f2","CMCC-CM2-SR5_r3i1p2f1","CMCC-CM2-SR5_r4i1p2f1","CMCC-CM2-SR5_r5i1p2f1","MIROC-ES2L_r24i1p1f2"
"43","CMCC-CM2-SR5_r3i1p2f1","CMCC-CM2-SR5_r4i1p2f1","CNRM-CM6-1_r4i1p1f2","EC-Earth3_r16i1p1f1","CanESM5_r22i1p2f1","IPSL-CM6A-LR_r22i1p1f1","MIROC6_r3i1p1f1","CNRM-CM6-1_r5i1p1f2","IPSL-CM6A-LR_r20i1p1f1","MIROC6_r11i1p1f1","IPSL-CM6A-LR_r1i1p1f1","MIROC-ES2L_r6i1p1f2","CNRM-CM6-1_r3i1p1f2","CanESM5_r20i1p2f1","MIROC6_r40i1p1f1","MPI-ESM1-2-LR_r10i1p1f1","CanESM5_r31i1p2f1","IPSL-CM6A-LR_r10i1p1f1","MIROC-ES2L_r2i1p1f2","MIROC-ES2L_r21i1p1f2"
"44","CMCC-CM2-SR5_r5i1p2f1","CanESM5_r17i1p1f1","MPI-ESM1-2-HR_r9i1p1f1","MRI-ESM2-0_r6i1p1f1","CMCC-CM2-SR5_r3i1p2f1","CMCC-CM2-SR5_r4i1p2f1","EC-Earth3_r21i1p1f1","CESM2-WACCM_r1i1p1f1","EC-Earth3_r16i1p1f1","NESM3_r4i1p1f1","IPSL-CM6A-LR_r17i1p1f1","MRI-ESM2-0_r5i1p1f1","CanESM5_r10i1p2f1","CanESM5_r30i1p2f1","IPSL-CM6A-LR_r26i1p1f1","IPSL-CM6A-LR_r6i1p1f1","CanESM5_r7i1p1f1","IPSL-CM6A-LR_r12i1p1f1","MIROC-ES2L_r23i1p1f2","EC-Earth3_r20i1p1f1"
"45","CanESM5_r17i1p1f1","CMCC-CM2-SR5_r5i1p2f1","CESM2-WACCM_r1i1p1f1","MRI-ESM2-0_r6i1p1f1","IPSL-CM6A-LR_r26i1p1f1","MPI-ESM1-2-LR_r7i1p1f1","CanESM5_r25i1p1f1","IPSL-CM6A-LR_r17i1p1f1","CanESM5_r38i1p2f1","CMCC-ESM2_r1i1p1f1","CanESM5_r5i1p2f1","MIROC6_r13i1p1f1","CMCC-CM2-SR5_r3i1p2f1","CMCC-CM2-SR5_r4i1p2f1","MRI-ESM2-0_r5i1p1f1","CanESM5_r3i1p2f1","CMCC-CM2-SR5_r6i1p2f1","MIROC6_r18i1p1f1","MIROC6_r16i1p1f1","NorCPM1_r17i1p1f1"
"46","CanESM5_r17i1p1f1","IPSL-CM6A-LR_r26i1p1f1","CMCC-CM2-SR5_r5i1p2f1","CESM2-WACCM_r1i1p1f1","CanESM5_r3i1p2f1","MRI-ESM2-0_r6i1p1f1","MIROC6_r18i1p1f1","CanESM5_r38i1p2f1","MPI-ESM1-2-HR_r9i1p1f1","EC-Earth3_r21i1p1f1","NESM3_r4i1p1f1","IPSL-CM6A-LR_r4i1p1f1","CanESM5_r10i1p2f1","MPI-ESM1-2-LR_r7i1p1f1","CMCC-CM2-SR5_r3i1p2f1","CMCC-CM2-SR5_r4i1p2f1","MIROC-ES2L_r23i1p1f2","CMCC-CM2-SR5_r7i1p2f1","IPSL-CM6A-LR_r18i1p1f1","EC-Earth3_r20i1p1f1"
"47","CanESM5_r10i1p2f1","MPI-ESM1-2-HR_r9i1p1f1","NorCPM1_r3i1p1f1","NESM3_r4i1p1f1","IPSL-CM6A-LR_r32i1p1f1","EC-Earth3_r15i1p1f1","CanESM5_r17i1p1f1","NorCPM1_r1i1p1f1","MIROC6_r48i1p1f1","IPSL-CM6A-LR_r12i1p1f1","CMCC-CM2-SR5_r5i1p2f1","NorCPM1_r24i1p1f1","IPSL-CM6A-LR_r26i1p1f1","CMCC-CM2-SR5_r8i1p2f1","CanESM5_r7i1p1f1","CanESM5_r30i1p2f1","CNRM-CM6-1_r15i1p1f2","NESM3_r5i1p1f1","CanESM5_r35i1p2f1","MIROC6_r43i1p1f1"
"48","NESM3_r4i1p1f1","CanESM5_r17i1p1f1","MPI-ESM1-2-HR_r9i1p1f1","IPSL-CM6A-LR_r26i1p1f1","CanESM5_r10i1p2f1","NorCPM1_r1i1p1f1","CMCC-CM2-SR5_r7i1p2f1","CanESM5_r3i1p2f1","CanESM5_r30i1p2f1","CMCC-CM2-SR5_r5i1p2f1","NorCPM1_r3i1p1f1","CanESM5_r38i1p2f1","IPSL-CM6A-LR_r32i1p1f1","MRI-ESM2-0_r6i1p1f1","CMCC-CM2-SR5_r8i1p2f1","CanESM5_r4i1p1f1","CESM2-WACCM_r1i1p1f1","MIROC-ES2L_r27i1p1f2","EC-Earth3_r16i1p1f1","CanESM5_r14i1p2f1"
"49","MRI-ESM2-0_r6i1p1f1","NorCPM1_r17i1p1f1","NorCPM1_r25i1p1f1","IPSL-CM6A-LR_r17i1p1f1","CMCC-CM2-SR5_r5i1p2f1","MPI-ESM1-2-LR_r7i1p1f1","CanESM5_r17i1p1f1","CanESM5_r5i1p2f1","CanESM5_r1i1p1f1","CanESM5_r30i1p2f1","CESM2-WACCM_r1i1p1f1","CanESM5_r4i1p1f1","CanESM5_r2i1p1f1","MIROC6_r5i1p1f1","CanESM5_r13i1p2f1","GISS-E2-1-G_r7i1p1f2","CNRM-CM6-1_r25i1p1f2","CanESM5_r3i1p2f1","CNRM-CM6-1_r17i1p1f2","NESM3_r5i1p1f1"
"50","CMCC-CM2-SR5_r5i1p2f1","CMCC-CM2-SR5_r3i1p2f1","CMCC-CM2-SR5_r4i1p2f1","MPI-ESM1-2-HR_r9i1p1f1","MRI-ESM2-0_r6i1p1f1","EC-Earth3_r16i1p1f1","IPSL-CM6A-LR_r6i1p1f1","IPSL-CM6A-LR_r12i1p1f1","CNRM-CM6-1_r1i1p1f2","HadGEM3-GC31-MM_r3i1p1f3","CNRM-CM6-1_r22i1p1f2","CanESM5_r17i1p1f1","IPSL-CM6A-LR_r22i1p1f1","NESM3_r4i1p1f1","ACCESS-CM2_r2i1p1f1","CNRM-CM6-1_r4i1p1f2","CanESM5_r7i1p1f1","NESM3_r5i1p1f1","CanESM5_r15i1p1f1","CNRM-ESM2-1_r2i1p1f2"
"51","CanESM5_r10i1p2f1","NESM3_r4i1p1f1","CanESM5_r7i1p1f1","MPI-ESM1-2-HR_r9i1p1f1","IPSL-CM6A-LR_r26i1p1f1","CanESM5_r17i1p1f1","NorCPM1_r3i1p1f1","NESM3_r5i1p1f1","GISS-E2-1-G_r3i1p1f2","CanESM5_r4i1p1f1","IPSL-CM6A-LR_r32i1p1f1","CanESM5_r24i1p1f1","NorCPM1_r24i1p1f1","CMCC-CM2-SR5_r5i1p2f1","CanESM5_r14i1p2f1","CanESM5_r35i1p2f1","CMCC-CM2-SR5_r8i1p2f1","MIROC6_r43i1p1f1","NorCPM1_r1i1p1f1","CanESM5_r3i1p2f1"
"52","CNRM-ESM2-1_r1i1p1f2","MIROC6_r11i1p1f1","EC-Earth3_r22i1p1f1","FGOALS-f3-L_r1i1p1f1","MIROC6_r3i1p1f1","EC-Earth3_r14i1p1f1","MIROC-ES2L_r9i1p1f2","EC-Earth3_r16i1p1f1","MIROC6_r22i1p1f1","EC-Earth3_r12i1p1f1","CNRM-CM6-1_r1i1p1f2","CNRM-CM6-1_r5i1p1f2","CanESM5_r13i1p1f1","MIROC6_r47i1p1f1","CanESM5_r22i1p2f1","CNRM-CM6-1_r16i1p1f2","CNRM-CM6-1_r14i1p1f2","MIROC6_r26i1p1f1","MPI-ESM1-2-LR_r10i1p1f1","CanESM5_r31i1p2f1"
"53","CNRM-CM6-1_r5i1p1f2","MIROC-ES2L_r9i1p1f2","CanESM5_r31i1p2f1","IPSL-CM6A-LR_r20i1p1f1","FGOALS-f3-L_r1i1p1f1","MIROC6_r3i1p1f1","CNRM-CM6-1_r4i1p1f2","EC-Earth3_r16i1p1f1","CNRM-ESM2-1_r1i1p1f2","MIROC6_r16i1p1f1","CanESM5_r13i1p1f1","EC-Earth3_r14i1p1f1","GISS-E2-1-G_r11i1p1f2","EC-Earth3_r3i1p1f1","EC-Earth3_r21i1p1f1","CanESM5_r22i1p2f1","CESM2-WACCM_r3i1p1f1","MIROC6_r47i1p1f1","MPI-ESM1-2-LR_r3i1p1f1","EC-Earth3_r12i1p1f1"
"54","CMCC-CM2-SR5_r3i1p2f1","CMCC-CM2-SR5_r4i1p2f1","EC-Earth3_r16i1p1f1","CNRM-CM6-1_r1i1p1f2","EC-Earth3_r21i1p1f1","CNRM-CM6-1_r4i1p1f2","MRI-ESM2-0_r6i1p1f1","MIROC6_r16i1p1f1","CNRM-ESM2-1_r1i1p1f2","EC-Earth3_r14i1p1f1","EC-Earth3_r22i1p1f1","CNRM-CM6-1_r6i1p1f2","CNRM-CM6-1_r3i1p1f2","NorCPM1_r12i1p1f1","IPSL-CM6A-LR_r20i1p1f1","IPSL-CM6A-LR_r1i1p1f1","NESM3_r3i1p1f1","IPSL-CM6A-LR_r31i1p1f1","IPSL-CM6A-LR_r12i1p1f1","CNRM-CM6-1_r5i1p1f2"
"55","CMCC-CM2-SR5_r5i1p2f1","EC-Earth3_r21i1p1f1","NorCPM1_r18i1p1f1","CMCC-CM2-SR5_r3i1p2f1","CMCC-CM2-SR5_r4i1p2f1","MIROC6_r16i1p1f1","CanESM5_r18i1p1f1","MRI-ESM2-0_r6i1p1f1","CNRM-ESM2-1_r2i1p1f2","CMCC-CM2-SR5_r6i1p2f1","CNRM-CM6-1_r25i1p1f2","MIROC6_r40i1p1f1","MPI-ESM1-2-LR_r10i1p1f1","IPSL-CM6A-LR_r6i1p1f1","IPSL-CM6A-LR_r26i1p1f1","NorCPM1_r19i1p1f1","EC-Earth3_r2i1p1f1","CanESM5_r24i1p2f1","HadGEM3-GC31-MM_r4i1p1f3","CMCC-ESM2_r1i1p1f1"
"56","FGOALS-f3-L_r1i1p1f1","CNRM-CM6-1_r15i1p1f2","IPSL-CM6A-LR_r28i1p1f1","GISS-E2-1-G_r11i1p1f2","MIROC6_r22i1p1f1","CanESM5_r29i1p2f1","MIROC6_r37i1p1f1","CNRM-ESM2-1_r10i1p1f2","CNRM-CM6-1_r26i1p1f2","MRI-ESM2-0_r4i1p1f1","EC-Earth3_r4i1p1f1","CNRM-CM6-1_r25i1p1f2","FGOALS-g3_r1i1p1f1","IPSL-CM6A-LR_r15i1p1f1","CNRM-ESM2-1_r1i1p1f2","MIROC-ES2L_r19i1p1f2","CanESM5_r23i1p2f1","CanESM5_r18i1p1f1","MIROC6_r3i1p1f1","CNRM-ESM2-1_r2i1p1f2"
"57","MPI-ESM1-2-HR_r9i1p1f1","MRI-ESM2-0_r5i1p1f1","CNRM-CM6-1_r26i1p1f2","NESM3_r5i1p1f1","NorCPM1_r3i1p1f1","GISS-E2-1-G_r9i1p1f2","CanESM5_r24i1p1f1","CESM2-WACCM_r1i1p1f1","EC-Earth3_r21i1p1f1","MRI-ESM2-0_r4i1p1f1","MIROC6_r20i1p1f1","FGOALS-f3-L_r3i1p1f1","GISS-E2-1-G_r3i1p1f2","CNRM-CM6-1_r6i1p1f2","MIROC-ES2L_r12i1p1f2","CanESM5_r7i1p1f1","MIROC6_r2i1p1f1","CanESM5_r8i1p2f1","IPSL-CM6A-LR_r32i1p1f1","CanESM5_r14i1p2f1"
"58","CanESM5_r22i1p2f1","MPI-ESM1-2-LR_r3i1p1f1","CanESM5_r31i1p2f1","NorESM2-LM_r1i1p1f1","MIROC6_r40i1p1f1","EC-Earth3_r3i1p1f1","MIROC6_r3i1p1f1","IPSL-CM6A-LR_r1i1p1f1","EC-Earth3_r12i1p1f1","MIROC6_r25i1p1f1","CNRM-CM6-1_r5i1p1f2","MIROC6_r46i1p1f1","MIROC-ES2L_r9i1p1f2","CanESM5_r23i1p1f1","NorCPM1_r2i1p1f1","MIROC-ES2L_r22i1p1f2","IPSL-CM6A-LR_r20i1p1f1","MIROC6_r47i1p1f1","MPI-ESM1-2-HR_r8i1p1f1","MIROC-ES2L_r21i1p1f2"
"59","NorCPM1_r3i1p1f1","MPI-ESM1-2-HR_r9i1p1f1","NorCPM1_r1i1p1f1","CanESM5_r4i1p1f1","NESM3_r4i1p1f1","CanESM5_r10i1p2f1","CanESM5_r24i1p1f1","NorCPM1_r24i1p1f1","GISS-E2-1-G_r3i1p1f2","CanESM5_r30i1p2f1","CanESM5_r17i1p1f1","IPSL-CM6A-LR_r32i1p1f1","NESM3_r5i1p1f1","CanESM5_r19i1p2f1","IPSL-CM6A-LR_r26i1p1f1","CanESM5_r38i1p2f1","CanESM5_r3i1p2f1","CNRM-CM6-1_r28i1p1f2","CanESM5_r25i1p1f1","MIROC6_r9i1p1f1"
"60","EC-Earth3_r21i1p1f1","MIROC6_r2i1p1f1","CanESM5_r6i1p1f1","CanESM5_r21i1p2f1","MIROC6_r18i1p1f1","MIROC6_r45i1p1f1","MIROC6_r31i1p1f1","MIROC6_r12i1p1f1","CNRM-ESM2-1_r10i1p1f2","MIROC-ES2L_r23i1p1f2","CNRM-CM6-1_r16i1p1f2","CNRM-CM6-1_r26i1p1f2","CanESM5_r3i1p1f1","CNRM-CM6-1_r15i1p1f2","IPSL-CM6A-LR_r4i1p1f1","CMCC-CM2-SR5_r5i1p2f1","CanESM5_r2i1p2f1","EC-Earth3_r22i1p1f1","MPI-ESM1-2-HR_r9i1p1f1","CMCC-CM2-SR5_r3i1p2f1"
"61","IPSL-CM6A-LR_r31i1p1f1","MIROC6_r22i1p1f1","CanESM5_r12i1p1f1","MRI-ESM2-0_r3i1p1f1","HadGEM3-GC31-MM_r3i1p1f3","NorCPM1_r19i1p1f1","MIROC6_r33i1p1f1","MIROC6_r50i1p1f1","MIROC6_r6i1p1f1","FGOALS-f3-L_r1i1p1f1","CanESM5_r34i1p2f1","CNRM-ESM2-1_r7i1p1f2","CanESM5_r11i1p2f1","CanESM5_r32i1p2f1","CNRM-ESM2-1_r10i1p1f2","MRI-ESM2-0_r7i1p1f1","CanESM5_r8i1p1f1","EC-Earth3_r22i1p1f1","IPSL-CM6A-LR_r15i1p1f1","EC-Earth3_r12i1p1f1"
"62","CNRM-ESM2-1_r11i1p1f2","GISS-E2-1-G_r6i1p1f2","MIROC-ES2L_r29i1p1f2","CanESM5_r20i1p1f1","CanESM5_r10i1p1f1","CanESM5_r9i1p2f1","MPI-ESM1-2-LR_r5i1p1f1","NorCPM1_r7i1p1f1","EC-Earth3_r18i1p1f1","MIROC-ES2L_r14i1p1f2","CNRM-ESM2-1_r8i1p1f2","CNRM-CM6-1_r18i1p1f2","CAMS-CSM1-0_r2i1p1f1","MIROC6_r25i1p1f1","CNRM-CM6-1_r24i1p1f2","IPSL-CM6A-LR_r15i1p1f1","MIROC-ES2L_r26i1p1f2","NorCPM1_r4i1p1f1","NorCPM1_r2i1p1f1","NorCPM1_r6i1p1f1"
"63","CanESM5_r15i1p1f1","CNRM-CM6-1_r16i1p1f2","CNRM-CM6-1_r14i1p1f2","NESM3_r5i1p1f1","MRI-ESM2-0_r4i1p1f1","CESM2-WACCM_r3i1p1f1","MRI-ESM2-0_r7i1p1f1","CNRM-CM6-1_r1i1p1f2","CAS-ESM2-0_r1i1p1f1","MIROC6_r38i1p1f1","CNRM-ESM2-1_r1i1p1f2","CanESM5_r32i1p2f1","KACE-1-0-G_r2i1p1f1","CanESM5_r6i1p1f1","MIROC6_r5i1p1f1","CNRM-CM6-1_r23i1p1f2","CNRM-CM6-1_r5i1p1f2","CanESM5_r2i1p2f1","MIROC6_r17i1p1f1","GISS-E2-1-G_r7i1p1f2"
"64","IPSL-CM6A-LR_r26i1p1f1","CNRM-CM6-1_r1i1p1f2","CNRM-CM6-1_r6i1p1f2","CanESM5_r17i1p1f1","MRI-ESM2-0_r5i1p1f1","MIROC6_r43i1p1f1","EC-Earth3_r15i1p1f1","EC-Earth3_r16i1p1f1","MPI-ESM1-2-LR_r7i1p1f1","CanESM5_r8i1p2f1","CanESM5_r10i1p2f1","CMCC-CM2-SR5_r5i1p2f1","CanESM5_r24i1p1f1","MPI-ESM1-2-HR_r9i1p1f1","CNRM-ESM2-1_r1i1p1f2","IPSL-CM6A-LR_r21i1p1f1","IPSL-CM6A-LR_r32i1p1f1","CNRM-CM6-1_r26i1p1f2","MIROC-ES2L_r15i1p1f2","CNRM-CM6-1_r22i1p1f2"
"65","MRI-ESM2-0_r4i1p1f1","GISS-E2-1-G_r10i1p1f2","MIROC6_r3i1p1f1","EC-Earth3_r3i1p1f1","FGOALS-g3_r1i1p1f1","MIROC6_r15i1p1f1","CanESM5_r23i1p1f1","MRI-ESM2-0_r9i1p1f1","CanESM5_r2i1p2f1","CanESM5_r31i1p2f1","IPSL-CM6A-LR_r20i1p1f1","NorESM2-LM_r1i1p1f1","FGOALS-f3-L_r1i1p1f1","NorCPM1_r19i1p1f1","CNRM-CM6-1_r5i1p1f2","MIROC6_r46i1p1f1","MPI-ESM1-2-HR_r8i1p1f1","MIROC-ES2L_r2i1p1f2","MIROC6_r44i1p1f1","CanESM5_r16i1p1f1"
"66","MIROC6_r3i1p1f1","MIROC6_r47i1p1f1","MIROC6_r33i1p1f1","MIROC6_r26i1p1f1","MIROC6_r6i1p1f1","FGOALS-f3-L_r1i1p1f1","EC-Earth3_r12i1p1f1","MIROC6_r10i1p1f1","NorESM2-LM_r1i1p1f1","EC-Earth3_r3i1p1f1","MIROC6_r50i1p1f1","EC-Earth3_r7i1p1f1","MIROC6_r21i1p1f1","CanESM5_r23i1p1f1","MIROC6_r46i1p1f1","MIROC-ES2L_r22i1p1f2","MIROC6_r15i1p1f1","FGOALS-g3_r1i1p1f1","CanESM5_r7i1p2f1","MIROC6_r39i1p1f1"
"67","NorCPM1_r18i1p1f1","MIROC6_r3i1p1f1","EC-Earth3_r12i1p1f1","IPSL-CM6A-LR_r20i1p1f1","EC-Earth3_r3i1p1f1","FGOALS-f3-L_r1i1p1f1","CNRM-CM6-1_r4i1p1f2","MPI-ESM1-2-LR_r3i1p1f1","MIROC-ES2L_r22i1p1f2","CNRM-CM6-1_r5i1p1f2","EC-Earth3_r21i1p1f1","MIROC6_r14i1p1f1","CanESM5_r31i1p2f1","MIROC6_r40i1p1f1","MIROC-ES2L_r9i1p1f2","CanESM5_r23i1p1f1","MIROC6_r46i1p1f1","MIROC6_r16i1p1f1","IPSL-CM6A-LR_r31i1p1f1","MIROC-ES2L_r24i1p1f2"
"68","MIROC6_r3i1p1f1","FGOALS-f3-L_r1i1p1f1","MIROC6_r46i1p1f1","CanESM5_r31i1p2f1","CESM2-WACCM_r3i1p1f1","MIROC-ES2L_r2i1p1f2","MIROC6_r40i1p1f1","IPSL-CM6A-LR_r14i1p1f1","NorCPM1_r18i1p1f1","EC-Earth3_r3i1p1f1","MIROC-ES2L_r6i1p1f2","MIROC6_r44i1p1f1","MIROC6_r14i1p1f1","MIROC6_r47i1p1f1","EC-Earth3_r12i1p1f1","IPSL-CM6A-LR_r28i1p1f1","IPSL-CM6A-LR_r20i1p1f1","FIO-ESM-2-0_r2i1p1f1","MIROC6_r15i1p1f1","FGOALS-g3_r1i1p1f1"
"69","CanESM5_r18i1p1f1","CNRM-ESM2-1_r7i1p1f2","CNRM-ESM2-1_r2i1p1f2","CESM2-WACCM_r2i1p1f1","CNRM-ESM2-1_r10i1p1f2","MIROC6_r24i1p1f1","IPSL-CM6A-LR_r17i1p1f1","CanESM5_r19i1p2f1","CNRM-CM6-1_r28i1p1f2","CanESM5_r6i1p1f1","CanESM5_r17i1p2f1","CNRM-CM6-1_r25i1p1f2","MIROC6_r14i1p1f1","NorESM2-LM_r3i1p1f1","MIROC6_r50i1p1f1","CanESM5_r29i1p2f1","CanESM5_r24i1p1f1","HadGEM3-GC31-MM_r3i1p1f3","EC-Earth3_r22i1p1f1","NorCPM1_r24i1p1f1"
"70","MIROC6_r16i1p1f1","IPSL-CM6A-LR_r20i1p1f1","MIROC6_r34i1p1f1","MIROC6_r14i1p1f1","GISS-E2-1-G_r11i1p1f2","EC-Earth3_r21i1p1f1","CESM2-WACCM_r3i1p1f1","FGOALS-g3_r1i1p1f1","EC-Earth3_r3i1p1f1","CMCC-CM2-SR5_r3i1p2f1","CMCC-CM2-SR5_r4i1p2f1","CanESM5_r31i1p2f1","CNRM-ESM2-1_r1i1p1f2","MIROC6_r12i1p1f1","MIROC6_r3i1p1f1","CanESM5_r19i1p1f1","MPI-ESM1-2-LR_r3i1p1f1","FGOALS-f3-L_r1i1p1f1","CAMS-CSM1-0_r2i1p1f1","NorCPM1_r12i1p1f1"
"71","MPI-ESM1-2-HR_r9i1p1f1","IPSL-CM6A-LR_r17i1p1f1","CMCC-CM2-SR5_r3i1p2f1","CMCC-CM2-SR5_r4i1p2f1","CESM2-WACCM_r1i1p1f1","CanESM5_r25i1p1f1","CMCC-CM2-SR5_r5i1p2f1","MRI-ESM2-0_r6i1p1f1","IPSL-CM6A-LR_r26i1p1f1","CanESM5_r24i1p1f1","MIROC6_r13i1p1f1","IPSL-CM6A-LR_r12i1p1f1","CanESM5_r17i1p1f1","CanESM5_r13i1p2f1","NESM3_r4i1p1f1","CNRM-CM6-1_r3i1p1f2","CanESM5_r30i1p2f1","CanESM5_r10i1p2f1","HadGEM3-GC31-MM_r3i1p1f3","CanESM5_r4i1p1f1"
"72","HadGEM3-GC31-MM_r3i1p1f3","CanESM5_r20i1p2f1","MIROC6_r50i1p1f1","MPI-ESM1-2-LR_r10i1p1f1","MIROC6_r35i1p1f1","CMCC-CM2-SR5_r3i1p2f1","CMCC-CM2-SR5_r4i1p2f1","MPI-ESM1-2-HR_r5i1p1f1","NESM3_r5i1p1f1","MRI-ESM2-0_r6i1p1f1","MIROC6_r1i1p1f1","MIROC6_r33i1p1f1","CNRM-CM6-1_r28i1p1f2","IPSL-CM6A-LR_r22i1p1f1","IPSL-CM6A-LR_r19i1p1f1","MIROC6_r22i1p1f1","IPSL-CM6A-LR_r17i1p1f1","IPSL-CM6A-LR_r31i1p1f1","MRI-ESM2-0_r4i1p1f1","MIROC6_r24i1p1f1"
"73","MIROC6_r48i1p1f1","MIROC6_r43i1p1f1","MPI-ESM1-2-LR_r9i1p1f1","MRI-ESM2-0_r6i1p1f1","MIROC6_r45i1p1f1","CanESM5_r4i1p1f1","EC-Earth3_r20i1p1f1","MIROC6_r18i1p1f1","MPI-ESM1-2-HR_r9i1p1f1","EC-Earth3_r13i1p1f1","HadGEM3-GC31-MM_r2i1p1f3","MIROC6_r49i1p1f1","GISS-E2-1-G_r4i1p1f2","MIROC-ES2L_r23i1p1f2","NorCPM1_r12i1p1f1","CanESM5_r5i1p2f1","KACE-1-0-G_r2i1p1f1","EC-Earth3_r15i1p1f1","MIROC-ES2L_r4i1p1f2","IPSL-CM6A-LR_r6i1p1f1"
"74","HadGEM3-GC31-MM_r3i1p1f3","EC-Earth3_r16i1p1f1","CMCC-CM2-SR5_r5i1p2f1","MRI-ESM2-0_r6i1p1f1","NESM3_r5i1p1f1","MPI-ESM1-2-HR_r9i1p1f1","IPSL-CM6A-LR_r12i1p1f1","ACCESS-CM2_r2i1p1f1","CMCC-CM2-SR5_r3i1p2f1","CMCC-CM2-SR5_r4i1p2f1","CNRM-CM6-1_r3i1p1f2","CanESM5_r29i1p2f1","EC-Earth3_r9i1p1f1","MIROC6_r5i1p1f1","CNRM-CM6-1_r1i1p1f2","IPSL-CM6A-LR_r22i1p1f1","CNRM-CM6-1_r22i1p1f2","MRI-ESM2-0_r5i1p1f1","CanESM5_r7i1p1f1","NorESM2-LM_r2i1p1f1"
"75","HadGEM3-GC31-MM_r3i1p1f3","MPI-ESM1-2-HR_r9i1p1f1","ACCESS-CM2_r2i1p1f1","CMCC-CM2-SR5_r5i1p2f1","IPSL-CM6A-LR_r12i1p1f1","MRI-ESM2-0_r6i1p1f1","NESM3_r5i1p1f1","NorCPM1_r3i1p1f1","CanESM5_r7i1p1f1","MRI-ESM2-0_r5i1p1f1","MIROC6_r35i1p1f1","CanESM5_r18i1p1f1","NorESM2-LM_r2i1p1f1","CanESM5_r29i1p2f1","CanESM5_r10i1p2f1","EC-Earth3_r16i1p1f1","CanESM5_r15i1p1f1","CanESM5_r30i1p2f1","IPSL-CM6A-LR_r17i1p1f1","CMCC-CM2-SR5_r3i1p2f1"
"76","MRI-ESM2-0_r5i1p1f1","CESM2-WACCM_r1i1p1f1","IPSL-CM6A-LR_r12i1p1f1","FIO-ESM-2-0_r3i1p1f1","CanESM5_r7i1p1f1","NorESM2-LM_r2i1p1f1","MRI-ESM2-0_r2i1p1f1","CNRM-CM6-1_r26i1p1f2","HadGEM3-GC31-MM_r3i1p1f3","MIROC6_r20i1p1f1","IPSL-CM6A-LR_r26i1p1f1","CanESM5_r25i1p1f1","CMCC-ESM2_r1i1p1f1","CMCC-CM2-SR5_r5i1p2f1","CanESM5_r13i1p2f1","FGOALS-g3_r2i1p1f1","FGOALS-f3-L_r3i1p1f1","EC-Earth3_r2i1p1f1","IPSL-CM6A-LR_r32i1p1f1","MPI-ESM1-2-HR_r1i1p1f1"
"77","IPSL-CM6A-LR_r26i1p1f1","MIROC6_r17i1p1f1","IPSL-CM6A-LR_r7i1p1f1","MRI-ESM2-0_r5i1p1f1","NorESM2-LM_r2i1p1f1","CMCC-CM2-SR5_r5i1p2f1","CESM2-WACCM_r1i1p1f1","CNRM-ESM2-1_r1i1p1f2","CNRM-CM6-1_r6i1p1f2","IPSL-CM6A-LR_r12i1p1f1","IPSL-CM6A-LR_r13i1p1f1","CNRM-CM6-1_r26i1p1f2","CNRM-CM6-1_r11i1p1f2","CNRM-CM6-1_r23i1p1f2","CNRM-CM6-1_r2i1p1f2","MPI-ESM1-2-LR_r7i1p1f1","IPSL-CM6A-LR_r21i1p1f1","CanESM5_r24i1p2f1","MRI-ESM2-0_r8i1p1f1","EC-Earth3_r21i1p1f1"
"78","NESM3_r5i1p1f1","CNRM-CM6-1_r6i1p1f2","MIROC6_r43i1p1f1","BCC-CSM2-MR_r2i1p1f1","MIROC6_r20i1p1f1","CNRM-CM6-1_r2i1p1f2","MRI-ESM2-0_r5i1p1f1","MPI-ESM1-2-HR_r1i1p1f1","IPSL-CM6A-LR_r32i1p1f1","GISS-E2-1-G_r3i1p1f2","MIROC-ES2L_r5i1p1f2","CanESM5_r37i1p2f1","NorCPM1_r23i1p1f1","CanESM5_r10i1p2f1","CanESM5_r35i1p2f1","EC-Earth3_r16i1p1f1","ACCESS-CM2_r2i1p1f1","GISS-E2-1-G_r9i1p1f2","NorESM2-LM_r2i1p1f1","CanESM5_r16i1p2f1"
"79","CNRM-CM6-1_r28i1p1f2","NorCPM1_r3i1p1f1","IPSL-CM6A-LR_r17i1p1f1","HadGEM3-GC31-MM_r3i1p1f3","MIROC6_r35i1p1f1","MPI-ESM1-2-LR_r6i1p1f1","MIROC6_r24i1p1f1","CanESM5_r19i1p2f1","CanESM5_r30i1p2f1","CanESM5_r24i1p1f1","CanESM5_r13i1p2f1","CanESM5_r4i1p1f1","CanESM5_r17i1p2f1","IPSL-CM6A-LR_r32i1p1f1","CanESM5_r18i1p1f1","NorCPM1_r24i1p1f1","CanESM5_r29i1p2f1","NorCPM1_r1i1p1f1","CNRM-CM6-1_r25i1p1f2","MPI-ESM1-2-HR_r9i1p1f1"
"80","CanESM5_r23i1p1f1","MIROC6_r15i1p1f1","MIROC6_r3i1p1f1","MRI-ESM2-0_r7i1p1f1","FGOALS-g3_r4i1p1f1","EC-Earth3_r3i1p1f1","MIROC-ES2L_r6i1p1f2","IPSL-CM6A-LR_r28i1p1f1","MIROC6_r40i1p1f1","MIROC6_r47i1p1f1","MIROC6_r46i1p1f1","MIROC-ES2L_r9i1p1f2","GISS-E2-1-G_r2i1p1f2","IPSL-CM6A-LR_r10i1p1f1","MIROC6_r44i1p1f1","NorESM2-LM_r1i1p1f1","CanESM5_r31i1p2f1","MIROC6_r26i1p1f1","FGOALS-f3-L_r1i1p1f1","MPI-ESM1-2-LR_r3i1p1f1"
"81","HadGEM3-GC31-MM_r3i1p1f3","CNRM-CM6-1_r26i1p1f2","NorCPM1_r3i1p1f1","CanESM5_r29i1p2f1","CNRM-ESM2-1_r2i1p1f2","MIROC6_r1i1p1f1","CMCC-CM2-SR5_r5i1p2f1","CanESM5_r17i1p2f1","MPI-ESM1-2-HR_r9i1p1f1","IPSL-CM6A-LR_r12i1p1f1","ACCESS-CM2_r2i1p1f1","IPSL-CM6A-LR_r31i1p1f1","NorCPM1_r1i1p1f1","MRI-ESM2-0_r4i1p1f1","CanESM5_r4i1p1f1","CESM2-WACCM_r1i1p1f1","CMCC-CM2-SR5_r3i1p2f1","CMCC-CM2-SR5_r4i1p2f1","NESM3_r5i1p1f1","CanESM5_r19i1p2f1"
"82","ACCESS-CM2_r1i1p1f1","NorCPM1_r9i1p1f1","KACE-1-0-G_r3i1p1f1","MRI-ESM2-0_r5i1p1f1","MIROC6_r22i1p1f1","IPSL-CM6A-LR_r28i1p1f1","NorESM2-LM_r2i1p1f1","MIROC6_r37i1p1f1","IPSL-CM6A-LR_r19i1p1f1","MIROC6_r11i1p1f1","MIROC6_r5i1p1f1","CanESM5_r29i1p2f1","EC-Earth3_r2i1p1f1","CanESM5_r15i1p1f1","CanESM5_r35i1p2f1","IPSL-CM6A-LR_r13i1p1f1","MRI-ESM2-0_r6i1p1f1","CanESM5_r37i1p2f1","CNRM-CM6-1_r3i1p1f2","MIROC-ES2L_r6i1p1f2"
"83","CanESM5_r20i1p2f1","MRI-ESM2-0_r7i1p1f1","CanESM5_r13i1p1f1","HadGEM3-GC31-MM_r3i1p1f3","MIROC6_r22i1p1f1","MIROC6_r26i1p1f1","MIROC6_r36i1p1f1","MIROC6_r11i1p1f1","MIROC6_r50i1p1f1","NorESM2-LM_r1i1p1f1","CanESM5_r22i1p2f1","CanESM5_r23i1p1f1","MIROC6_r10i1p1f1","IPSL-CM6A-LR_r19i1p1f1","EC-Earth3_r16i1p1f1","GISS-E2-1-G_r2i1p1f2","EC-Earth3_r12i1p1f1","IPSL-CM6A-LR_r22i1p1f1","MIROC6_r5i1p1f1","GISS-E2-1-G_r4i1p1f2"
"84","HadGEM3-GC31-MM_r3i1p1f3","IPSL-CM6A-LR_r19i1p1f1","IPSL-CM6A-LR_r12i1p1f1","MRI-ESM2-0_r7i1p1f1","CanESM5_r15i1p1f1","CanESM5_r39i1p2f1","NESM3_r5i1p1f1","IPSL-CM6A-LR_r6i1p1f1","MPI-ESM1-2-LR_r1i1p1f1","GISS-E2-1-G_r4i1p1f2","CNRM-CM6-1_r22i1p1f2","MPI-ESM1-2-HR_r9i1p1f1","CNRM-CM6-1_r4i1p1f2","IPSL-CM6A-LR_r31i1p1f1","MIROC-ES2L_r2i1p1f2","KACE-1-0-G_r2i1p1f1","ACCESS-CM2_r2i1p1f1","CNRM-CM6-1_r14i1p1f2","MIROC-ES2L_r6i1p1f2","CanESM5_r1i1p1f1"
"85","EC-Earth3_r20i1p1f1","IPSL-CM6A-LR_r26i1p1f1","CanESM5_r17i1p1f1","MIROC6_r18i1p1f1","CanESM5_r5i1p2f1","IPSL-CM6A-LR_r21i1p1f1","IPSL-CM6A-LR_r7i1p1f1","IPSL-CM6A-LR_r13i1p1f1","CanESM5_r8i1p2f1","MIROC-ES2L_r15i1p1f2","EC-Earth3_r21i1p1f1","MIROC6_r16i1p1f1","CNRM-CM6-1_r23i1p1f2","MRI-ESM2-0_r8i1p1f1","MIROC-ES2L_r4i1p1f2","NorCPM1_r10i1p1f1","MRI-ESM2-0_r6i1p1f1","IPSL-CM6A-LR_r18i1p1f1","CanESM5_r14i1p2f1","CMCC-CM2-SR5_r6i1p2f1"
"86","MRI-ESM2-0_r7i1p1f1","MIROC6_r46i1p1f1","NorESM2-LM_r1i1p1f1","CanESM5_r16i1p1f1","NorCPM1_r2i1p1f1","MIROC6_r44i1p1f1","CanESM5_r12i1p1f1","ACCESS-CM2_r5i1p1f1","EC-Earth3_r12i1p1f1","MIROC6_r3i1p1f1","CanESM5_r23i1p1f1","MIROC6_r21i1p1f1","MIROC-ES2L_r2i1p1f2","MIROC6_r6i1p1f1","MIROC6_r33i1p1f1","MIROC6_r40i1p1f1","MIROC6_r26i1p1f1","NorCPM1_r19i1p1f1","CanESM5_r22i1p2f1","MIROC-ES2L_r6i1p1f2"
"87","GISS-E2-1-G_r11i1p1f2","EC-Earth3_r12i1p1f1","FGOALS-g3_r4i1p1f1","MIROC6_r46i1p1f1","MIROC6_r14i1p1f1","CanESM5_r23i1p1f1","NorCPM1_r18i1p1f1","IPSL-CM6A-LR_r28i1p1f1","MPI-ESM1-2-LR_r3i1p1f1","MIROC6_r3i1p1f1","MIROC6_r26i1p1f1","MIROC6_r40i1p1f1","FIO-ESM-2-0_r2i1p1f1","MIROC6_r11i1p1f1","CNRM-CM6-1_r19i1p1f2","NorCPM1_r15i1p1f1","MIROC6_r15i1p1f1","CESM2-WACCM_r3i1p1f1","MIROC6_r47i1p1f1","NorCPM1_r25i1p1f1"
"88","MIROC6_r45i1p1f1","IPSL-CM6A-LR_r16i1p1f1","MRI-ESM2-0_r10i1p1f1","CNRM-CM6-1_r25i1p1f2","IPSL-CM6A-LR_r17i1p1f1","CNRM-ESM2-1_r7i1p1f2","CanESM5_r17i1p2f1","CanESM5_r9i1p2f1","IPSL-CM6A-LR_r15i1p1f1","NorCPM1_r17i1p1f1","CanESM5_r18i1p1f1","CanESM5_r4i1p1f1","MPI-ESM1-2-LR_r7i1p1f1","IPSL-CM6A-LR_r33i1p1f1","CanESM5_r5i1p2f1","ACCESS-CM2_r4i1p1f1","CanESM5_r6i1p1f1","CNRM-CM6-1_r13i1p1f2","CanESM5_r8i1p1f1","MIROC-ES2L_r18i1p1f2"
"89","IPSL-CM6A-LR_r26i1p1f1","CNRM-CM6-1_r26i1p1f2","MPI-ESM1-2-HR_r2i1p1f1","MIROC-ES2L_r4i1p1f2","IPSL-CM6A-LR_r6i1p1f1","CanESM5_r21i1p2f1","KACE-1-0-G_r2i1p1f1","CNRM-CM6-1_r22i1p1f2","IPSL-CM6A-LR_r12i1p1f1","EC-Earth3_r15i1p1f1","EC-Earth3_r21i1p1f1","MIROC6_r45i1p1f1","CanESM5_r18i1p1f1","MIROC6_r17i1p1f1","MRI-ESM2-0_r10i1p1f1","MIROC6_r43i1p1f1","CMCC-CM2-SR5_r5i1p2f1","CMCC-CM2-SR5_r11i1p2f1","MPI-ESM1-2-LR_r9i1p1f1","CMCC-ESM2_r1i1p1f1"
"90","IPSL-CM6A-LR_r17i1p1f1","CanESM5_r13i1p2f1","MRI-ESM2-0_r5i1p1f1","MIROC6_r48i1p1f1","CanESM5_r5i1p2f1","MPI-ESM1-2-LR_r7i1p1f1","MIROC6_r43i1p1f1","MRI-ESM2-0_r2i1p1f1","CMCC-CM2-SR5_r5i1p2f1","IPSL-CM6A-LR_r26i1p1f1","IPSL-CM6A-LR_r27i1p1f1","CMCC-CM2-SR5_r11i1p2f1","CanESM5_r38i1p2f1","IPSL-CM6A-LR_r32i1p1f1","HadGEM3-GC31-MM_r4i1p1f3","MRI-ESM2-0_r6i1p1f1","CESM2-WACCM_r1i1p1f1","EC-Earth3_r13i1p1f1","IPSL-CM6A-LR_r6i1p1f1","CanESM5_r5i1p1f1"
"91","EC-Earth3_r16i1p1f1","MRI-ESM2-0_r6i1p1f1","IPSL-CM6A-LR_r24i1p1f1","MIROC6_r16i1p1f1","EC-Earth3_r21i1p1f1","NorCPM1_r12i1p1f1","IPSL-CM6A-LR_r1i1p1f1","CMCC-CM2-SR5_r3i1p2f1","CMCC-CM2-SR5_r4i1p2f1","MRI-ESM2-0_r8i1p1f1","CanESM5_r12i1p2f1","CNRM-ESM2-1_r1i1p1f2","CNRM-CM6-1_r4i1p1f2","NorCPM1_r25i1p1f1","MIROC6_r23i1p1f1","IPSL-CM6A-LR_r20i1p1f1","NorCPM1_r9i1p1f1","CAS-ESM2-0_r1i1p1f1","IPSL-CM6A-LR_r10i1p1f1","KACE-1-0-G_r3i1p1f1"
"92","NESM3_r5i1p1f1","CMCC-CM2-SR5_r3i1p2f1","CMCC-CM2-SR5_r4i1p2f1","CAS-ESM2-0_r1i1p1f1","GISS-E2-1-G_r7i1p1f2","MIROC6_r36i1p1f1","GISS-E2-1-G_r4i1p1f2","MPI-ESM1-2-LR_r1i1p1f1","CanESM5_r20i1p2f1","MRI-ESM2-0_r3i1p1f1","IPSL-CM6A-LR_r19i1p1f1","KACE-1-0-G_r3i1p1f1","KACE-1-0-G_r2i1p1f1","HadGEM3-GC31-MM_r3i1p1f3","GISS-E2-1-G_r9i1p1f2","MRI-ESM2-0_r7i1p1f1","IPSL-CM6A-LR_r17i1p1f1","CNRM-CM6-1_r1i1p1f2","CNRM-CM6-1_r22i1p1f2","MIROC6_r7i1p1f1"
"93","FGOALS-f3-L_r1i1p1f1","CanESM5_r23i1p1f1","MIROC6_r46i1p1f1","MIROC6_r26i1p1f1","EC-Earth3_r12i1p1f1","CanESM5_r12i1p1f1","MIROC6_r47i1p1f1","FGOALS-g3_r1i1p1f1","MIROC6_r15i1p1f1","NorESM2-LM_r1i1p1f1","MIROC-ES2L_r9i1p1f2","MIROC6_r6i1p1f1","IPSL-CM6A-LR_r10i1p1f1","MIROC6_r3i1p1f1","MIROC6_r25i1p1f1","NorCPM1_r2i1p1f1","MIROC6_r21i1p1f1","MRI-ESM2-0_r7i1p1f1","MIROC6_r10i1p1f1","CanESM5_r8i1p1f1"
"94","MIROC6_r46i1p1f1","MIROC6_r26i1p1f1","MIROC6_r47i1p1f1","MIROC6_r25i1p1f1","MIROC6_r40i1p1f1","MIROC6_r44i1p1f1","MIROC6_r3i1p1f1","EC-Earth3_r12i1p1f1","FIO-ESM-2-0_r2i1p1f1","CanESM5_r22i1p2f1","MIROC6_r10i1p1f1","MIROC6_r21i1p1f1","MIROC6_r11i1p1f1","NorESM2-LM_r1i1p1f1","FGOALS-f3-L_r1i1p1f1","MIROC-ES2L_r22i1p1f2","MIROC6_r14i1p1f1","MIROC-ES2L_r2i1p1f2","CanESM5_r23i1p1f1","MIROC-ES2L_r21i1p1f2"
"95","MRI-ESM2-0_r7i1p1f1","CanESM5_r20i1p2f1","GISS-E2-1-G_r4i1p1f2","MIROC6_r6i1p1f1","HadGEM3-GC31-MM_r3i1p1f3","MIROC6_r33i1p1f1","MIROC6_r36i1p1f1","GISS-E2-1-G_r2i1p1f2","MIROC6_r50i1p1f1","MPI-ESM1-2-LR_r10i1p1f1","CanESM5_r23i1p1f1","MIROC6_r47i1p1f1","CanESM5_r34i1p2f1","CanESM5_r12i1p1f1","MRI-ESM2-0_r3i1p1f1","MIROC6_r26i1p1f1","MIROC6_r37i1p1f1","MIROC6_r24i1p1f1","CanESM5_r13i1p1f1","NorESM2-LM_r1i1p1f1"
"96","MIROC6_r26i1p1f1","MIROC6_r3i1p1f1","MIROC-ES2L_r9i1p1f2","MIROC6_r22i1p1f1","MIROC6_r15i1p1f1","CanESM5_r22i1p2f1","CanESM5_r20i1p2f1","MIROC-ES2L_r2i1p1f2","MRI-ESM2-0_r7i1p1f1","CanESM5_r23i1p1f1","MIROC6_r47i1p1f1","MIROC6_r6i1p1f1","FIO-ESM-2-0_r2i1p1f1","EC-Earth3_r12i1p1f1","NorESM2-LM_r1i1p1f1","MIROC-ES2L_r21i1p1f2","MIROC6_r21i1p1f1","MIROC6_r10i1p1f1","MIROC6_r25i1p1f1","MIROC6_r11i1p1f1"
"97","FGOALS-f3-L_r3i1p1f1","FIO-ESM-2-0_r3i1p1f1","MIROC6_r20i1p1f1","MIROC6_r1i1p1f1","MIROC-ES2L_r3i1p1f2","CanESM5_r27i1p2f1","MIROC-ES2L_r18i1p1f2","BCC-CSM2-MR_r2i1p1f1","HadGEM3-GC31-MM_r3i1p1f3","MIROC6_r2i1p1f1","NorCPM1_r23i1p1f1","MIROC-ES2L_r12i1p1f2","MIROC6_r35i1p1f1","GISS-E2-1-G_r9i1p1f2","MIROC-ES2L_r30i1p1f2","IPSL-CM6A-LR_r3i1p1f1","ACCESS-CM2_r2i1p1f1","MIROC6_r43i1p1f1","CNRM-CM6-1_r28i1p1f2","GISS-E2-1-G_r3i1p1f2"
"98","FGOALS-g3_r1i1p1f1","NorCPM1_r29i1p1f1","IPSL-CM6A-LR_r12i1p1f1","NorCPM1_r28i1p1f1","MIROC6_r47i1p1f1","FGOALS-f3-L_r1i1p1f1","IPSL-CM6A-LR_r11i1p1f1","MRI-ESM2-0_r10i1p1f1","IPSL-CM6A-LR_r31i1p1f1","IPSL-CM6A-LR_r19i1p1f1","IPSL-CM6A-LR_r33i1p1f1","HadGEM3-GC31-MM_r3i1p1f3","MIROC6_r14i1p1f1","MIROC6_r22i1p1f1","MIROC6_r25i1p1f1","MIROC6_r3i1p1f1","MIROC-ES2L_r24i1p1f2","MIROC-ES2L_r21i1p1f2","MIROC6_r23i1p1f1","IPSL-CM6A-LR_r16i1p1f1"
"99","MRI-ESM2-0_r6i1p1f1","CMCC-CM2-SR5_r5i1p2f1","CMCC-ESM2_r1i1p1f1","MIROC6_r34i1p1f1","MIROC6_r16i1p1f1","MIROC-ES2L_r23i1p1f2","NorCPM1_r17i1p1f1","EC-Earth3_r21i1p1f1","MIROC6_r4i1p1f1","NorCPM1_r12i1p1f1","IPSL-CM6A-LR_r6i1p1f1","CanESM5_r17i1p1f1","CMCC-CM2-SR5_r3i1p2f1","CMCC-CM2-SR5_r4i1p2f1","MIROC6_r12i1p1f1","MIROC6_r45i1p1f1","NorCPM1_r9i1p1f1","CESM2-WACCM_r1i1p1f1","MRI-ESM2-0_r10i1p1f1","MIROC-ES2L_r30i1p1f2"
"100","MIROC6_r22i1p1f1","MIROC6_r11i1p1f1","MIROC6_r14i1p1f1","MIROC6_r26i1p1f1","MIROC6_r3i1p1f1","EC-Earth3_r12i1p1f1","MIROC6_r47i1p1f1","FGOALS-f3-L_r1i1p1f1","MIROC6_r5i1p1f1","MIROC-ES2L_r21i1p1f2","MIROC-ES2L_r25i1p1f2","NorCPM1_r28i1p1f1","MIROC6_r25i1p1f1","CanESM5_r8i1p1f1","MIROC6_r6i1p1f1","IPSL-CM6A-LR_r23i1p1f1","CanESM5_r20i1p2f1","MIROC-ES2L_r6i1p1f2","CanESM5_r18i1p1f1","HadGEM3-GC31-MM_r4i1p1f3"
"101","MIROC-ES2L_r19i1p1f2","NorCPM1_r27i1p1f1","NorCPM1_r21i1p1f1","MRI-ESM2-0_r3i1p1f1","CanESM5_r14i1p1f1","CanESM5_r40i1p2f1","MIROC6_r33i1p1f1","IPSL-CM6A-LR_r14i1p1f1","CanESM5_r12i1p1f1","NorCPM1_r20i1p1f1","MIROC6_r44i1p1f1","MIROC6_r35i1p1f1","CNRM-CM6-1_r7i1p1f2","CNRM-CM6-1_r12i1p1f2","MRI-ESM2-0_r4i1p1f1","MIROC6_r6i1p1f1","IPSL-CM6A-LR_r2i1p1f1","MIROC6_r39i1p1f1","NorCPM1_r19i1p1f1","FIO-ESM-2-0_r3i1p1f1"
"102","MIROC6_r14i1p1f1","GISS-E2-1-G_r11i1p1f2","MIROC-ES2L_r13i1p1f2","FIO-ESM-2-0_r3i1p1f1","MIROC6_r50i1p1f1","CanESM5_r27i1p2f1","CanESM5_r32i1p2f1","MIROC6_r12i1p1f1","MIROC6_r34i1p1f1","CNRM-CM6-1_r17i1p1f2","CanESM5_r28i1p2f1","NorCPM1_r18i1p1f1","MIROC6_r28i1p1f1","MIROC-ES2L_r28i1p1f2","MIROC-ES2L_r23i1p1f2","CanESM5_r2i1p1f1","MIROC6_r39i1p1f1","MIROC6_r1i1p1f1","CNRM-CM6-1_r7i1p1f2","FGOALS-f3-L_r3i1p1f1"
"103","MIROC6_r3i1p1f1","MIROC6_r46i1p1f1","MIROC6_r21i1p1f1","MIROC6_r26i1p1f1","MIROC6_r40i1p1f1","EC-Earth3_r12i1p1f1","MIROC6_r10i1p1f1","MIROC6_r11i1p1f1","MIROC-ES2L_r21i1p1f2","MIROC6_r47i1p1f1","MIROC-ES2L_r22i1p1f2","MIROC6_r44i1p1f1","ACCESS-CM2_r5i1p1f1","CanESM5_r23i1p1f1","NorESM2-LM_r1i1p1f1","MIROC6_r25i1p1f1","MIROC-ES2L_r10i1p1f2","CanESM5_r22i1p2f1","MIROC-ES2L_r2i1p1f2","MIROC6_r39i1p1f1"
"104","CNRM-CM6-1_r5i1p1f2","CNRM-CM6-1_r4i1p1f2","MRI-ESM2-0_r7i1p1f1","IPSL-CM6A-LR_r22i1p1f1","CNRM-CM6-1_r9i1p1f2","IPSL-CM6A-LR_r10i1p1f1","IPSL-CM6A-LR_r31i1p1f1","NorCPM1_r12i1p1f1","CESM2-WACCM_r3i1p1f1","MPI-ESM1-2-LR_r10i1p1f1","IPSL-CM6A-LR_r1i1p1f1","CanESM5_r31i1p2f1","GISS-E2-1-G_r4i1p1f2","CNRM-ESM2-1_r1i1p1f2","NorESM2-LM_r1i1p1f1","CNRM-CM6-1_r6i1p1f2","MPI-ESM1-2-HR_r8i1p1f1","EC-Earth3_r16i1p1f1","MIROC-ES2L_r9i1p1f2","HadGEM3-GC31-MM_r3i1p1f3"
"105","MIROC6_r20i1p1f1","IPSL-CM6A-LR_r32i1p1f1","MPI-ESM1-2-HR_r9i1p1f1","MRI-ESM2-0_r4i1p1f1","HadGEM3-GC31-MM_r3i1p1f3","CNRM-CM6-1_r28i1p1f2","GISS-E2-1-G_r9i1p1f2","CNRM-CM6-1_r6i1p1f2","MRI-ESM2-0_r5i1p1f1","MIROC6_r1i1p1f1","NESM3_r5i1p1f1","BCC-CSM2-MR_r2i1p1f1","MIROC6_r43i1p1f1","CanESM5_r24i1p1f1","NorCPM1_r3i1p1f1","CanESM5_r7i1p1f1","ACCESS-CM2_r2i1p1f1","CNRM-CM6-1_r26i1p1f2","MPI-ESM1-2-LR_r4i1p1f1","MIROC-ES2L_r27i1p1f2"
"106","CNRM-CM6-1_r10i1p1f2","CNRM-CM6-1_r11i1p1f2","CNRM-CM6-1_r6i1p1f2","MPI-ESM1-2-HR_r8i1p1f1","MRI-ESM2-0_r5i1p1f1","IPSL-CM6A-LR_r3i1p1f1","MIROC6_r20i1p1f1","CNRM-CM6-1_r2i1p1f2","MIROC6_r9i1p1f1","CanESM5_r13i1p1f1","HadGEM3-GC31-MM_r4i1p1f3","MIROC6_r13i1p1f1","CNRM-ESM2-1_r6i1p1f2","CNRM-CM6-1_r3i1p1f2","IPSL-CM6A-LR_r26i1p1f1","MIROC6_r32i1p1f1","CNRM-CM6-1_r26i1p1f2","CESM2-WACCM_r1i1p1f1","CanESM5_r5i1p1f1","MIROC6_r43i1p1f1"
"107","MIROC6_r5i1p1f1","FIO-ESM-2-0_r2i1p1f1","MIROC6_r14i1p1f1","MIROC-ES2L_r1i1p1f2","MIROC6_r38i1p1f1","GISS-E2-1-G_r11i1p1f2","IPSL-CM6A-LR_r20i1p1f1","CanESM5_r15i1p1f1","EC-Earth3_r2i1p1f1","CanESM5_r2i1p2f1","NESM3_r5i1p1f1","CanESM5_r31i1p2f1","GISS-E2-1-G_r7i1p1f2","MIROC6_r11i1p1f1","CanESM5_r4i1p2f1","MIROC6_r40i1p1f1","NorESM2-LM_r2i1p1f1","MIROC-ES2L_r28i1p1f2","MIROC6_r47i1p1f1","CanESM5_r7i1p1f1"
"108","IPSL-CM6A-LR_r32i1p1f1","MRI-ESM2-0_r5i1p1f1","CanESM5_r14i1p2f1","CanESM5_r7i1p1f1","GISS-E2-1-G_r9i1p1f2","GISS-E2-1-G_r3i1p1f2","IPSL-CM6A-LR_r26i1p1f1","IPSL-CM6A-LR_r4i1p1f1","MIROC6_r43i1p1f1","MIROC6_r20i1p1f1","CanESM5_r10i1p2f1","CanESM5_r8i1p2f1","CESM2-WACCM_r1i1p1f1","FGOALS-f3-L_r3i1p1f1","MPI-ESM1-2-LR_r7i1p1f1","MPI-ESM1-2-HR_r9i1p1f1","EC-Earth3_r20i1p1f1","CAMS-CSM1-0_r1i1p1f1","CNRM-CM6-1_r23i1p1f2","MIROC-ES2L_r12i1p1f2"
"109","CanESM5_r39i1p2f1","MIROC6_r10i1p1f1","CanESM5_r15i1p1f1","MIROC6_r33i1p1f1","MIROC6_r37i1p1f1","MIROC-ES2L_r1i1p1f2","EC-Earth3_r7i1p1f1","HadGEM3-GC31-MM_r3i1p1f3","MIROC6_r15i1p1f1","CanESM5_r13i1p1f1","CanESM5_r7i1p1f1","MIROC6_r49i1p1f1","MRI-ESM2-0_r4i1p1f1","MIROC6_r6i1p1f1","MIROC6_r20i1p1f1","CanESM5_r7i1p2f1","MPI-ESM1-2-HR_r1i1p1f1","MIROC6_r22i1p1f1","MIROC6_r38i1p1f1","MRI-ESM2-0_r7i1p1f1"
"110","CNRM-CM6-1_r10i1p1f2","CNRM-ESM2-1_r8i1p1f2","CNRM-CM6-1_r11i1p1f2","CanESM5_r11i1p1f1","NorCPM1_r20i1p1f1","CanESM5_r9i1p1f1","MIROC-ES2L_r23i1p1f2","MPI-ESM1-2-HR_r10i1p1f1","FGOALS-f3-L_r3i1p1f1","MIROC-ES2L_r12i1p1f2","FIO-ESM-2-0_r3i1p1f1","MPI-ESM1-2-HR_r8i1p1f1","MIROC6_r13i1p1f1","MPI-ESM1-2-LR_r4i1p1f1","CanESM5_r5i1p1f1","EC-Earth3_r6i1p1f1","CanESM5_r2i1p1f1","CanESM5_r27i1p2f1","CanESM5_r8i1p2f1","IPSL-CM6A-LR_r4i1p1f1"
"111","EC-Earth3_r12i1p1f1","NorESM2-LM_r1i1p1f1","MPI-ESM1-2-HR_r8i1p1f1","MIROC6_r44i1p1f1","MIROC6_r26i1p1f1","MIROC6_r47i1p1f1","CanESM5_r22i1p2f1","CanESM5_r13i1p1f1","MPI-ESM1-2-LR_r10i1p1f1","MIROC6_r6i1p1f1","MIROC-ES2L_r22i1p1f2","CanESM5_r23i1p1f1","CNRM-CM6-1_r5i1p1f2","IPSL-CM6A-LR_r10i1p1f1","MPI-ESM1-2-LR_r3i1p1f1","MIROC6_r46i1p1f1","MIROC6_r40i1p1f1","MIROC6_r10i1p1f1","MIROC6_r21i1p1f1","CNRM-ESM2-1_r6i1p1f2"
"112","MIROC6_r13i1p1f1","CanESM5_r8i1p2f1","CanESM5_r17i1p1f1","MIROC6_r9i1p1f1","MRI-ESM2-0_r6i1p1f1","MIROC6_r43i1p1f1","CNRM-CM6-1_r11i1p1f2","MIROC6_r48i1p1f1","CNRM-CM6-1_r10i1p1f2","IPSL-CM6A-LR_r17i1p1f1","MIROC-ES2L_r23i1p1f2","MIROC-ES2L_r12i1p1f2","CanESM5_r9i1p1f1","MIROC-ES2L_r15i1p1f2","MIROC6_r45i1p1f1","IPSL-CM6A-LR_r4i1p1f1","MPI-ESM1-2-LR_r9i1p1f1","EC-Earth3_r15i1p1f1","IPSL-CM6A-LR_r26i1p1f1","MPI-ESM1-2-LR_r7i1p1f1"
"113","EC-Earth3_r15i1p1f1","IPSL-CM6A-LR_r6i1p1f1","MRI-ESM2-0_r6i1p1f1","MPI-ESM1-2-HR_r9i1p1f1","EC-Earth3_r21i1p1f1","MPI-ESM1-2-LR_r9i1p1f1","IPSL-CM6A-LR_r12i1p1f1","NorCPM1_r12i1p1f1","EC-Earth3_r20i1p1f1","CMCC-CM2-SR5_r3i1p2f1","CMCC-CM2-SR5_r4i1p2f1","MIROC6_r48i1p1f1","MRI-ESM2-0_r10i1p1f1","CanESM5_r17i1p1f1","CMCC-CM2-SR5_r5i1p2f1","CNRM-CM6-1_r10i1p1f2","MIROC6_r18i1p1f1","CNRM-CM6-1_r25i1p1f2","MIROC6_r12i1p1f1","MPI-ESM1-2-LR_r7i1p1f1"
"114","NorCPM1_r12i1p1f1","NorCPM1_r28i1p1f1","FGOALS-f3-L_r1i1p1f1","NorCPM1_r17i1p1f1","NorCPM1_r18i1p1f1","NorCPM1_r25i1p1f1","GISS-E2-1-G_r11i1p1f2","CNRM-CM6-1_r25i1p1f2","MIROC6_r16i1p1f1","MRI-ESM2-0_r10i1p1f1","CMCC-CM2-SR5_r6i1p2f1","EC-Earth3_r21i1p1f1","MIROC-ES2L_r21i1p1f2","MIROC6_r3i1p1f1","MIROC-ES2L_r9i1p1f2","CanESM5_r18i1p1f1","NorCPM1_r9i1p1f1","CNRM-ESM2-1_r1i1p1f2","CanESM5_r1i1p1f1","IPSL-CM6A-LR_r15i1p1f1"
"115","NorCPM1_r17i1p1f1","CESM2-WACCM_r1i1p1f1","NorCPM1_r26i1p1f1","MRI-ESM2-0_r6i1p1f1","NorCPM1_r25i1p1f1","CanESM5_r17i1p1f1","NorCPM1_r14i1p1f1","CanESM5_r30i1p2f1","CMCC-CM2-SR5_r5i1p2f1","MPI-ESM1-2-HR_r9i1p1f1","MIROC6_r16i1p1f1","MPI-ESM1-2-LR_r7i1p1f1","CanESM5_r38i1p2f1","NorCPM1_r9i1p1f1","CanESM5_r10i1p2f1","MIROC6_r1i1p1f1","CAS-ESM2-0_r1i1p1f1","NESM3_r3i1p1f1","CMCC-ESM2_r1i1p1f1","NESM3_r5i1p1f1"
"116","NorCPM1_r12i1p1f1","EC-Earth3_r21i1p1f1","CMCC-CM2-SR5_r3i1p2f1","CMCC-CM2-SR5_r4i1p2f1","MIROC6_r16i1p1f1","NorCPM1_r17i1p1f1","MRI-ESM2-0_r6i1p1f1","CMCC-CM2-SR5_r5i1p2f1","MIROC6_r18i1p1f1","EC-Earth3_r20i1p1f1","NorCPM1_r29i1p1f1","MIROC6_r12i1p1f1","CanESM5_r17i1p1f1","MPI-ESM1-2-HR_r9i1p1f1","CNRM-ESM2-1_r1i1p1f2","IPSL-CM6A-LR_r6i1p1f1","NorCPM1_r25i1p1f1","NorCPM1_r9i1p1f1","CMCC-CM2-SR5_r6i1p2f1","MRI-ESM2-0_r10i1p1f1"
"117","MIROC6_r48i1p1f1","NorCPM1_r24i1p1f1","EC-Earth3_r15i1p1f1","CanESM5_r17i1p1f1","MIROC-ES2L_r15i1p1f2","NorCPM1_r3i1p1f1","CanESM5_r10i1p2f1","CanESM5_r8i1p2f1","GISS-E2-1-G_r9i1p1f2","MPI-ESM1-2-LR_r9i1p1f1","MIROC-ES2L_r27i1p1f2","IPSL-CM6A-LR_r26i1p1f1","NorCPM1_r1i1p1f1","GISS-E2-1-G_r3i1p1f2","MIROC6_r43i1p1f1","IPSL-CM6A-LR_r32i1p1f1","CanESM5_r14i1p2f1","MPI-ESM1-2-HR_r9i1p1f1","CNRM-CM6-1_r26i1p1f2","CMCC-CM2-SR5_r5i1p2f1"
"118","FGOALS-g3_r1i1p1f1","MIROC6_r3i1p1f1","MRI-ESM2-0_r7i1p1f1","CESM2-WACCM_r3i1p1f1","MIROC6_r47i1p1f1","MIROC6_r33i1p1f1","MIROC6_r46i1p1f1","CNRM-CM6-1_r5i1p1f2","CAS-ESM2-0_r2i1p1f1","FGOALS-f3-L_r1i1p1f1","MIROC6_r25i1p1f1","GISS-E2-1-G_r2i1p1f2","MIROC6_r40i1p1f1","EC-Earth3_r12i1p1f1","NorCPM1_r19i1p1f1","CanESM5_r19i1p1f1","CanESM5_r22i1p2f1","MIROC6_r14i1p1f1","MPI-ESM1-2-LR_r3i1p1f1","FGOALS-g3_r4i1p1f1"
"119","NorCPM1_r12i1p1f1","NorCPM1_r25i1p1f1","NorCPM1_r17i1p1f1","EC-Earth3_r21i1p1f1","NorCPM1_r26i1p1f1","MRI-ESM2-0_r6i1p1f1","MIROC6_r16i1p1f1","CNRM-ESM2-1_r1i1p1f2","CNRM-CM6-1_r4i1p1f2","CMCC-CM2-SR5_r6i1p2f1","CanESM5_r26i1p2f1","CNRM-CM6-1_r25i1p1f2","CanESM5_r15i1p1f1","MIROC6_r17i1p1f1","CMCC-CM2-SR5_r5i1p2f1","CanESM5_r17i1p1f1","NorCPM1_r18i1p1f1","CNRM-CM6-1_r14i1p1f2","NESM3_r3i1p1f1","EC-Earth3_r20i1p1f1"
"120","NorCPM1_r17i1p1f1","NorCPM1_r26i1p1f1","CanESM5_r30i1p2f1","NorCPM1_r14i1p1f1","NorCPM1_r24i1p1f1","CanESM5_r38i1p2f1","NorCPM1_r1i1p1f1","CanESM5_r3i1p2f1","CanESM5_r17i1p1f1","MPI-ESM1-2-HR_r9i1p1f1","CESM2-WACCM_r1i1p1f1","CanESM5_r4i1p1f1","NorCPM1_r25i1p1f1","MPI-ESM1-2-LR_r7i1p1f1","CanESM5_r17i1p2f1","CMCC-CM2-SR5_r5i1p2f1","NorCPM1_r3i1p1f1","EC-Earth3_r21i1p1f1","CanESM5_r24i1p1f1","NESM3_r4i1p1f1"
"121","MIROC-ES2L_r9i1p1f2","FGOALS-f3-L_r1i1p1f1","NorCPM1_r12i1p1f1","CanESM5_r23i1p1f1","FGOALS-g3_r1i1p1f1","MIROC-ES2L_r6i1p1f2","MIROC-ES2L_r21i1p1f2","MPI-ESM1-2-LR_r3i1p1f1","NorCPM1_r18i1p1f1","IPSL-CM6A-LR_r19i1p1f1","MIROC6_r26i1p1f1","MIROC6_r3i1p1f1","MPI-ESM1-2-LR_r10i1p1f1","CNRM-CM6-1_r14i1p1f2","NorCPM1_r25i1p1f1","EC-Earth3_r12i1p1f1","MIROC6_r15i1p1f1","MIROC6_r47i1p1f1","MIROC-ES2L_r10i1p1f2","CanESM5_r22i1p2f1"
"122","NorCPM1_r1i1p1f1","NorCPM1_r3i1p1f1","NorCPM1_r17i1p1f1","NorCPM1_r24i1p1f1","CanESM5_r30i1p2f1","MPI-ESM1-2-HR_r9i1p1f1","CanESM5_r10i1p2f1","CanESM5_r4i1p1f1","CanESM5_r17i1p1f1","CESM2-WACCM_r1i1p1f1","NorCPM1_r26i1p1f1","CanESM5_r3i1p2f1","CanESM5_r38i1p2f1","NorCPM1_r14i1p1f1","NESM3_r4i1p1f1","CMCC-CM2-SR5_r7i1p2f1","CMCC-CM2-SR5_r5i1p2f1","CanESM5_r35i1p2f1","GISS-E2-1-G_r3i1p1f2","CanESM5_r24i1p1f1"
"123","CanESM5_r7i1p1f1","MRI-ESM2-0_r5i1p1f1","MRI-ESM2-0_r6i1p1f1","CMCC-CM2-SR5_r5i1p2f1","NorCPM1_r10i1p1f1","NorCPM1_r13i1p1f1","EC-Earth3_r20i1p1f1","CESM2-WACCM_r1i1p1f1","EC-Earth3_r13i1p1f1","MRI-ESM2-0_r10i1p1f1","CMCC-CM2-SR5_r11i1p2f1","GISS-E2-1-G_r9i1p1f2","MRI-ESM2-0_r2i1p1f1","CNRM-CM6-1_r22i1p1f2","CMCC-CM2-SR5_r3i1p2f1","CMCC-CM2-SR5_r4i1p2f1","NorESM2-LM_r2i1p1f1","CMCC-ESM2_r1i1p1f1","MIROC6_r48i1p1f1","NESM3_r3i1p1f1"
"124","CanESM5_r30i1p2f1","MPI-ESM1-2-HR_r9i1p1f1","NorCPM1_r1i1p1f1","CanESM5_r17i1p1f1","CMCC-CM2-SR5_r5i1p2f1","NorCPM1_r14i1p1f1","CanESM5_r35i1p2f1","CanESM5_r10i1p2f1","NorCPM1_r24i1p1f1","NESM3_r4i1p1f1","CanESM5_r3i1p2f1","NorCPM1_r26i1p1f1","CESM2-WACCM_r1i1p1f1","NorCPM1_r3i1p1f1","EC-Earth3_r21i1p1f1","CanESM5_r38i1p2f1","NorCPM1_r17i1p1f1","IPSL-CM6A-LR_r6i1p1f1","NorCPM1_r9i1p1f1","NESM3_r5i1p1f1"
"125","CanESM5_r2i1p2f1","MRI-ESM2-0_r3i1p1f1","MRI-ESM2-0_r4i1p1f1","MRI-ESM2-0_r9i1p1f1","FGOALS-g3_r1i1p1f1","MIROC-ES2L_r19i1p1f2","GISS-E2-1-G_r2i1p1f2","GISS-E2-1-G_r10i1p1f2","KACE-1-0-G_r2i1p1f1","CNRM-CM6-1_r12i1p1f2","CESM2-WACCM_r2i1p1f1","GISS-E2-1-G_r6i1p1f2","EC-Earth3_r3i1p1f1","CanESM5_r23i1p1f1","MPI-ESM1-2-LR_r3i1p1f1","CMCC-CM2-SR5_r2i1p2f1","MIROC6_r49i1p1f1","MRI-ESM2-0_r7i1p1f1","MIROC6_r38i1p1f1","CanESM5_r18i1p2f1"
"126","NorCPM1_r24i1p1f1","NorCPM1_r1i1p1f1","NorCPM1_r3i1p1f1","NorCPM1_r17i1p1f1","CanESM5_r10i1p2f1","CanESM5_r30i1p2f1","NorCPM1_r14i1p1f1","CanESM5_r38i1p2f1","CanESM5_r3i1p2f1","CESM2-WACCM_r1i1p1f1","NorCPM1_r26i1p1f1","CanESM5_r35i1p2f1","NorESM2-LM_r2i1p1f1","CanESM5_r17i1p1f1","MIROC-ES2L_r16i1p1f2","GISS-E2-1-G_r3i1p1f2","MPI-ESM1-2-HR_r9i1p1f1","CMCC-CM2-SR5_r5i1p2f1","CanESM5_r4i1p1f1","NESM3_r4i1p1f1"
"127","NorCPM1_r4i1p1f1","CanESM5_r25i1p1f1","CMCC-ESM2_r1i1p1f1","GISS-E2-1-G_r3i1p1f2","NorCPM1_r30i1p1f1","CESM2-WACCM_r1i1p1f1","NorCPM1_r5i1p1f1","CanESM5_r10i1p2f1","MPI-ESM1-2-HR_r1i1p1f1","NorCPM1_r24i1p1f1","IPSL-CM6A-LR_r4i1p1f1","IPSL-CM6A-LR_r32i1p1f1","ACCESS-CM2_r3i1p1f1","NorESM2-LM_r2i1p1f1","NorCPM1_r17i1p1f1","CMCC-CM2-SR5_r5i1p2f1","CanESM5_r38i1p2f1","IPSL-CM6A-LR_r26i1p1f1","NorCPM1_r23i1p1f1","CanESM5_r17i1p1f1"
"128","NorCPM1_r1i1p1f1","NorCPM1_r24i1p1f1","CanESM5_r38i1p2f1","CanESM5_r17i1p1f1","CanESM5_r30i1p2f1","NorCPM1_r14i1p1f1","CanESM5_r10i1p2f1","CESM2-WACCM_r1i1p1f1","NorCPM1_r26i1p1f1","CanESM5_r3i1p2f1","MPI-ESM1-2-HR_r9i1p1f1","NorCPM1_r3i1p1f1","CMCC-CM2-SR5_r7i1p2f1","NorCPM1_r17i1p1f1","CanESM5_r4i1p1f1","NESM3_r4i1p1f1","CMCC-CM2-SR5_r5i1p2f1","CanESM5_r14i1p2f1","MPI-ESM1-2-LR_r7i1p1f1","NorESM2-LM_r2i1p1f1"
"129","NorCPM1_r12i1p1f1","EC-Earth3_r21i1p1f1","MRI-ESM2-0_r6i1p1f1","CMCC-CM2-SR5_r5i1p2f1","CMCC-CM2-SR5_r3i1p2f1","CMCC-CM2-SR5_r4i1p2f1","MPI-ESM1-2-HR_r9i1p1f1","NorCPM1_r17i1p1f1","NorCPM1_r9i1p1f1","MIROC6_r16i1p1f1","NorCPM1_r25i1p1f1","EC-Earth3_r20i1p1f1","NorCPM1_r29i1p1f1","IPSL-CM6A-LR_r6i1p1f1","NorCPM1_r26i1p1f1","CMCC-CM2-SR5_r6i1p2f1","CanESM5_r3i1p2f1","CanESM5_r15i1p1f1","CanESM5_r17i1p1f1","CAS-ESM2-0_r1i1p1f1"
"130","NorCPM1_r24i1p1f1","NorCPM1_r3i1p1f1","NorCPM1_r1i1p1f1","MIROC6_r43i1p1f1","MIROC6_r48i1p1f1","MIROC6_r45i1p1f1","CanESM5_r10i1p2f1","GISS-E2-1-G_r3i1p1f2","IPSL-CM6A-LR_r32i1p1f1","NorCPM1_r5i1p1f1","CanESM5_r30i1p2f1","NESM3_r5i1p1f1","CMCC-CM2-SR5_r8i1p2f1","CanESM5_r35i1p2f1","MPI-ESM1-2-HR_r9i1p1f1","GISS-E2-1-G_r9i1p1f2","CMCC-CM2-SR5_r5i1p2f1","NESM3_r4i1p1f1","CanESM5_r38i1p2f1","CanESM5_r4i1p1f1"
"131","NorCPM1_r12i1p1f1","NorCPM1_r17i1p1f1","CMCC-CM2-SR5_r6i1p2f1","EC-Earth3_r21i1p1f1","NorCPM1_r29i1p1f1","NorCPM1_r25i1p1f1","CMCC-CM2-SR5_r5i1p2f1","NorCPM1_r11i1p1f1","CNRM-CM6-1_r25i1p1f2","NorCPM1_r14i1p1f1","MRI-ESM2-0_r10i1p1f1","CMCC-CM2-SR5_r10i1p2f1","NorCPM1_r28i1p1f1","CMCC-CM2-SR5_r3i1p2f1","CMCC-CM2-SR5_r4i1p2f1","MIROC6_r12i1p1f1","MIROC6_r16i1p1f1","CanESM5_r3i1p2f1","CanESM5_r30i1p2f1","NorCPM1_r26i1p1f1"
"132","NorCPM1_r24i1p1f1","NorCPM1_r1i1p1f1","CanESM5_r38i1p2f1","CESM2-WACCM_r1i1p1f1","CanESM5_r10i1p2f1","MIROC6_r45i1p1f1","NorCPM1_r5i1p1f1","MIROC6_r43i1p1f1","CanESM5_r17i1p1f1","NorCPM1_r14i1p1f1","NorCPM1_r3i1p1f1","CanESM5_r30i1p2f1","CanESM5_r3i1p2f1","MIROC6_r48i1p1f1","CMCC-CM2-SR5_r8i1p2f1","GISS-E2-1-G_r3i1p1f2","CanESM5_r5i1p2f1","IPSL-CM6A-LR_r32i1p1f1","CanESM5_r4i1p1f1","MPI-ESM1-2-HR_r9i1p1f1"
"133","NorCPM1_r1i1p1f1","NorCPM1_r24i1p1f1","NorCPM1_r3i1p1f1","NESM3_r4i1p1f1","CanESM5_r30i1p2f1","CanESM5_r3i1p2f1","MPI-ESM1-2-HR_r9i1p1f1","CanESM5_r10i1p2f1","CanESM5_r17i1p1f1","CanESM5_r38i1p2f1","CanESM5_r4i1p1f1","NorCPM1_r17i1p1f1","CMCC-CM2-SR5_r7i1p2f1","CESM2-WACCM_r1i1p1f1","NorCPM1_r14i1p1f1","CMCC-CM2-SR5_r5i1p2f1","IPSL-CM6A-LR_r26i1p1f1","CanESM5_r24i1p1f1","NorCPM1_r26i1p1f1","GISS-E2-1-G_r3i1p1f2"
